transcription_name,lead_classification_status,lead_classification_reason,model,pin_code,time_to_buy,agent_name,customer_name,qualifiers,phone_number,optyid,created_at,folder_name,actionable_1,actionable_2,actionable_3,actionable_4,actionable_5,is_pushed,optyid_bu,updated_sales_stage,updated_at,agent_classification,td_ask,bu,price_ask,audio_length,pl,utm_source,ppl,lob,opty_created_date,booking_date,yf_open_date,retail_date,pink_form_date,close_date
call_transcript_4,Hot,Interested in vehicle,Tigor EV,470868,3 Months,Agent_8,Customer_8505,"Price, Mileage",9314942843,OPTY20000,2025-11-25T05:42:16.534310,Tata_Leads,Yes,Yes,Yes,No,No,FALSE,BU1,None,2025-11-28T05:42:16.534310,Average,Follow-up,EV,1695479,125,Personal,walkin,dealer,EV,25-11-2025,,,,,
call_transcript_5,Warm,Interested in vehicle,Nexon EV,287183,Immediate,Agent_3,Customer_5184,"Price, Mileage",9202053003,OPTY20001,2025-04-13T05:42:16.534310,Tata_Leads,Yes,No,No,Yes,No,FALSE,BU3,None,2025-04-14T05:42:16.534310,Average,Quotation,EV,2866751,205,Personal,dealer,dealer,EV,13-04-2025,,,,,
call_transcript_6,Cold,Interested in vehicle,Nexon,299528,Immediate,Agent_3,Customer_3931,"Price, Mileage",9475771749,OPTY20002,2025-07-06T05:42:16.534310,Tata_Leads,No,Yes,Yes,Yes,No,FALSE,BU1,Booking Done,2025-07-30T05:42:16.534310,Poor,Quotation,PV,1000869,35,Personal,dealer,dealer,PV,06-07-2025,21-07-2025,,,,
call_transcript_7,Hot,Interested in vehicle,Altroz,416635,1 Month,Agent_2,Customer_3802,"Price, Mileage",9277613155,OPTY20003,2025-09-20T05:42:16.534310,Tata_Leads,Yes,No,Yes,Yes,No,TRUE,BU2,Retailed,2025-09-26T05:42:16.534310,Average,Quotation,PV,1278117,167,Personal,walkin,dealer,PV,20-09-2025,16-10-2025,,03-11-2025,,03-11-2025
call_transcript_8,Warm,Interested in vehicle,Safari,371934,6 Months,Agent_12,Customer_9127,"Price, Mileage",9401932823,OPTY20004,2025-01-18T05:42:16.534310,Tata_Leads,No,Yes,Yes,No,No,FALSE,BU3,None,2025-02-03T05:42:16.534310,Average,Follow-up,PV,1717395,183,Personal,google,dealer,PV,18-01-2025,,,,,
call_transcript_9,Hot,Interested in vehicle,Tiago EV,289806,3 Months,Agent_9,Customer_7826,"Price, Mileage",9725128104,OPTY20005,2025-03-17T05:42:16.534310,Tata_Leads,Yes,Yes,Yes,No,No,TRUE,BU1,Booking Done,2025-03-24T05:42:16.534310,Average,Quotation,EV,1283332,131,Personal,dealer,dealer,EV,17-03-2025,02-04-2025,,,,
call_transcript_10,Cold,Interested in vehicle,Safari,520158,6 Months,Agent_9,Customer_9599,"Price, Mileage",9558634213,OPTY20006,2025-09-10T05:42:16.534310,Tata_Leads,Yes,No,No,No,Yes,TRUE,BU1,None,2025-09-25T05:42:16.534310,Good,Quotation,PV,2676761,287,Personal,walkin,dealer,PV,10-09-2025,,,,,
call_transcript_11,Hot,Interested in vehicle,Curvv,443303,3 Months,Agent_9,Customer_9440,"Price, Mileage",9995047941,OPTY20007,2025-10-16T05:42:16.534310,Tata_Leads,Yes,No,No,Yes,No,FALSE,BU2,Retailed,2025-11-05T05:42:16.534310,Average,Test Drive,PV,2277064,249,Personal,google,dealer,PV,16-10-2025,01-11-2025,,29-11-2025,,29-11-2025
call_transcript_12,Cold,Interested in vehicle,Nexon,497837,1 Month,Agent_6,Customer_8264,"Price, Mileage",9936564331,OPTY20008,2025-03-27T05:42:16.534310,Tata_Leads,Yes,No,Yes,Yes,Yes,TRUE,BU3,Booking Done,2025-04-24T05:42:16.534310,Good,Follow-up,PV,2000922,281,Personal,walkin,dealer,PV,27-03-2025,06-04-2025,,,,
call_transcript_13,Cold,Interested in vehicle,Nexon EV,124030,Immediate,Agent_11,Customer_8132,"Price, Mileage",9538954106,OPTY20009,2025-01-13T05:42:16.534310,Tata_Leads,Yes,Yes,Yes,Yes,Yes,TRUE,BU3,02 Open Green Form,2025-01-24T05:42:16.534310,Good,Follow-up,EV,2346602,257,Personal,walkin,dealer,EV,13-01-2025,,,,,
call_transcript_14,Hot,Interested in vehicle,Tiago EV,298148,1 Month,Agent_3,Customer_2790,"Price, Mileage",9715895829,OPTY20010,2025-09-12T05:42:16.534310,Tata_Leads,Yes,No,Yes,Yes,No,FALSE,BU2,02 Open Green Form,2025-09-21T05:42:16.534310,Good,Follow-up,EV,865070,167,Personal,walkin,dealer,EV,12-09-2025,,,,,
call_transcript_15,Warm,Interested in vehicle,Tigor EV,390579,6 Months,Agent_12,Customer_7534,"Price, Mileage",9475198088,OPTY20011,2024-11-15T05:42:16.534310,Tata_Leads,No,Yes,No,No,No,TRUE,BU1,02 Open Green Form,2024-12-14T05:42:16.534310,Average,Quotation,EV,702718,102,Personal,walkin,dealer,EV,15-11-2024,,,,,
call_transcript_16,Cold,Interested in vehicle,Tigor EV,110426,Immediate,Agent_7,Customer_5003,"Price, Mileage",9319173099,OPTY20012,2025-05-09T05:42:16.534310,Tata_Leads,No,No,No,Yes,Yes,FALSE,BU4,02 Open Green Form,2025-05-11T05:42:16.534310,Poor,Quotation,EV,2117909,138,Personal,walkin,dealer,EV,09-05-2025,,,,,
call_transcript_17,Warm,Interested in vehicle,Tiago,126625,1 Month,Agent_10,Customer_8459,"Price, Mileage",9424103008,OPTY20013,2025-07-15T05:42:16.534310,Tata_Leads,Yes,Yes,No,Yes,Yes,TRUE,BU2,Booking Done,2025-08-12T05:42:16.534310,Poor,Test Drive,PV,2669795,131,Personal,google,dealer,PV,15-07-2025,05-08-2025,,,,
call_transcript_18,Cold,Interested in vehicle,Nexon EV,452588,6 Months,Agent_12,Customer_8747,"Price, Mileage",9305106380,OPTY20014,2025-02-02T05:42:16.534310,Tata_Leads,Yes,No,No,No,Yes,FALSE,BU1,02 Open Green Form,2025-02-12T05:42:16.534310,Average,Quotation,EV,2954086,273,Personal,facebook,dealer,EV,02-02-2025,,,,,
call_transcript_19,Cold,Interested in vehicle,Nexon EV,165713,3 Months,Agent_12,Customer_9742,"Price, Mileage",9251573790,OPTY20015,2025-08-05T05:42:16.534310,Tata_Leads,Yes,No,No,Yes,No,TRUE,BU1,None,2025-08-31T05:42:16.534310,Poor,Quotation,EV,1770842,70,Personal,facebook,dealer,EV,05-08-2025,,,,,
call_transcript_20,Cold,Interested in vehicle,Nexon EV,291667,Immediate,Agent_4,Customer_7634,"Price, Mileage",9959516686,OPTY20016,2025-01-29T05:42:16.534310,Tata_Leads,Yes,No,No,Yes,No,TRUE,BU4,Booking Done,2025-02-04T05:42:16.534310,Good,Test Drive,EV,2509400,247,Personal,walkin,dealer,EV,29-01-2025,07-02-2025,,,,
call_transcript_21,Hot,Interested in vehicle,Tiago EV,378826,1 Month,Agent_4,Customer_5626,"Price, Mileage",9110281401,OPTY20017,2025-07-18T05:42:16.534310,Tata_Leads,No,Yes,Yes,Yes,Yes,FALSE,BU2,Retailed,2025-07-23T05:42:16.534310,Poor,Follow-up,EV,1110700,87,Personal,facebook,dealer,EV,18-07-2025,03-08-2025,,19-08-2025,,19-08-2025
call_transcript_22,Hot,Interested in vehicle,Nexon,466842,Immediate,Agent_11,Customer_9007,"Price, Mileage",9991663147,OPTY20018,2025-01-10T05:42:16.534310,Tata_Leads,No,No,No,No,No,TRUE,BU3,Retailed,2025-01-11T05:42:16.534310,Good,Follow-up,PV,2773310,250,Personal,google,dealer,PV,10-01-2025,04-02-2025,,09-02-2025,,09-02-2025
call_transcript_23,Hot,Interested in vehicle,Tigor EV,270102,3 Months,Agent_10,Customer_1215,"Price, Mileage",9110232407,OPTY20019,2025-10-03T05:42:16.534310,Tata_Leads,Yes,No,Yes,No,No,FALSE,BU2,Booking Done,2025-10-28T05:42:16.534310,Poor,Quotation,EV,1732351,121,Personal,facebook,dealer,EV,03-10-2025,19-10-2025,,,,
call_transcript_24,Warm,Interested in vehicle,Altroz,412224,3 Months,Agent_9,Customer_4691,"Price, Mileage",9164433816,OPTY20020,2025-12-03T05:42:16.534310,Tata_Leads,Yes,No,Yes,Yes,No,FALSE,BU4,02 Open Green Form,2025-12-04T05:42:16.534310,Good,Quotation,PV,2143790,229,Personal,google,dealer,PV,03-12-2025,,,,,
call_transcript_25,Cold,Interested in vehicle,Tiago EV,250635,Immediate,Agent_5,Customer_2560,"Price, Mileage",9254021146,OPTY20021,2025-04-10T05:42:16.534310,Tata_Leads,No,Yes,Yes,No,No,FALSE,BU3,Booking Done,2025-05-05T05:42:16.534310,Poor,Follow-up,EV,928986,87,Personal,facebook,dealer,EV,10-04-2025,02-05-2025,,,,
call_transcript_26,Cold,Interested in vehicle,Nexon EV,135728,1 Month,Agent_11,Customer_1796,"Price, Mileage",9896201839,OPTY20022,2025-01-01T05:42:16.534310,Tata_Leads,No,No,No,Yes,No,TRUE,BU2,None,2025-01-23T05:42:16.534310,Good,Test Drive,EV,1783719,90,Personal,google,dealer,EV,01-01-2025,,,,,
call_transcript_27,Cold,Interested in vehicle,Tiago EV,157334,Immediate,Agent_7,Customer_8142,"Price, Mileage",9616771794,OPTY20023,2025-07-19T05:42:16.534310,Tata_Leads,Yes,No,No,No,No,TRUE,BU3,None,2025-07-20T05:42:16.534310,Average,Quotation,EV,1717163,285,Personal,facebook,dealer,EV,19-07-2025,,,,,
call_transcript_28,Hot,Interested in vehicle,Punch,524521,3 Months,Agent_6,Customer_6257,"Price, Mileage",9277831804,OPTY20024,2025-06-13T05:42:16.534310,Tata_Leads,No,Yes,Yes,No,Yes,FALSE,BU3,02 Open Green Form,2025-06-19T05:42:16.534310,Average,Quotation,PV,2136566,227,Personal,dealer,dealer,PV,13-06-2025,,,,,
call_transcript_29,Hot,Interested in vehicle,Nexon EV,334487,Immediate,Agent_11,Customer_1724,"Price, Mileage",9414346688,OPTY20025,2025-02-25T05:42:16.534310,Tata_Leads,Yes,Yes,Yes,Yes,Yes,FALSE,BU4,Booking Done,2025-03-27T05:42:16.534310,Average,Follow-up,EV,1566781,227,Personal,dealer,dealer,EV,25-02-2025,18-03-2025,,,,
call_transcript_30,Hot,Interested in vehicle,Harrier,331325,Immediate,Agent_5,Customer_6160,"Price, Mileage",9978610913,OPTY20026,2025-09-03T05:42:16.534310,Tata_Leads,Yes,No,No,No,No,TRUE,BU4,None,2025-09-16T05:42:16.534310,Good,Follow-up,PV,1520841,92,Personal,dealer,dealer,PV,03-09-2025,,,,,
call_transcript_31,Hot,Interested in vehicle,Punch,238713,6 Months,Agent_6,Customer_5819,"Price, Mileage",9662901051,OPTY20027,2025-07-18T05:42:16.534310,Tata_Leads,Yes,No,No,Yes,Yes,TRUE,BU4,02 Open Green Form,2025-07-29T05:42:16.534310,Average,Quotation,PV,2929751,162,Personal,walkin,dealer,PV,18-07-2025,,,,,
call_transcript_32,Warm,Interested in vehicle,Tigor EV,431053,1 Month,Agent_4,Customer_8934,"Price, Mileage",9155183340,OPTY20028,2025-03-02T05:42:16.534310,Tata_Leads,No,No,Yes,No,Yes,TRUE,BU1,02 Open Green Form,2025-03-13T05:42:16.534310,Good,Follow-up,EV,965459,200,Personal,facebook,dealer,EV,02-03-2025,,,,,
call_transcript_33,Cold,Interested in vehicle,Tigor,493704,3 Months,Agent_9,Customer_9870,"Price, Mileage",9927323983,OPTY20029,2025-10-09T05:42:16.534310,Tata_Leads,Yes,No,No,Yes,No,FALSE,BU2,Booking Done,2025-10-25T05:42:16.534310,Average,Test Drive,PV,2708642,254,Personal,google,dealer,PV,09-10-2025,03-11-2025,,,,
call_transcript_34,Cold,Interested in vehicle,Nexon EV,246598,6 Months,Agent_4,Customer_4861,"Price, Mileage",9542344240,OPTY20030,2025-05-04T05:42:16.534310,Tata_Leads,Yes,No,Yes,No,Yes,FALSE,BU2,Retailed,2025-05-20T05:42:16.534310,Poor,Test Drive,EV,960042,80,Personal,facebook,dealer,EV,04-05-2025,16-05-2025,,16-06-2025,,16-06-2025
call_transcript_35,Cold,Interested in vehicle,Tiago EV,159537,1 Month,Agent_9,Customer_7544,"Price, Mileage",9405904788,OPTY20031,2025-05-06T05:42:16.534310,Tata_Leads,Yes,Yes,Yes,Yes,Yes,TRUE,BU2,Booking Done,2025-05-18T05:42:16.534310,Good,Test Drive,EV,1545878,86,Personal,facebook,dealer,EV,06-05-2025,04-06-2025,,,,
call_transcript_36,Warm,Interested in vehicle,Altroz,278001,3 Months,Agent_8,Customer_3770,"Price, Mileage",9698834590,OPTY20032,2025-06-23T05:42:16.534310,Tata_Leads,No,No,No,Yes,No,FALSE,BU2,None,2025-07-23T05:42:16.534310,Good,Test Drive,PV,934883,173,Personal,facebook,dealer,PV,23-06-2025,,,,,
call_transcript_37,Cold,Interested in vehicle,Tigor,182959,Immediate,Agent_12,Customer_6070,"Price, Mileage",9630170483,OPTY20033,2025-10-05T05:42:16.534310,Tata_Leads,Yes,No,No,No,No,FALSE,BU3,02 Open Green Form,2025-10-12T05:42:16.534310,Good,Quotation,PV,1434723,202,Personal,google,dealer,PV,05-10-2025,,,,,
call_transcript_38,Cold,Interested in vehicle,Tigor EV,235953,Immediate,Agent_9,Customer_3954,"Price, Mileage",9713912464,OPTY20034,2025-01-18T05:42:16.534310,Tata_Leads,No,No,No,Yes,No,FALSE,BU3,None,2025-02-13T05:42:16.534310,Average,Quotation,EV,1405179,243,Personal,facebook,dealer,EV,18-01-2025,,,,,
call_transcript_39,Warm,Interested in vehicle,Tiago,118902,6 Months,Agent_6,Customer_9180,"Price, Mileage",9478232038,OPTY20035,2025-08-28T05:42:16.534310,Tata_Leads,No,No,No,No,No,FALSE,BU4,Booking Done,2025-09-19T05:42:16.534310,Good,Quotation,PV,1143217,232,Personal,facebook,dealer,PV,28-08-2025,15-09-2025,,,,
call_transcript_40,Cold,Interested in vehicle,Curvv,151578,6 Months,Agent_6,Customer_6946,"Price, Mileage",9592821619,OPTY20036,2025-03-29T05:42:16.534310,Tata_Leads,Yes,Yes,No,Yes,Yes,FALSE,BU1,None,2025-04-23T05:42:16.534310,Good,Follow-up,PV,819612,180,Personal,walkin,dealer,PV,29-03-2025,,,,,
call_transcript_41,Warm,Interested in vehicle,Curvv,425907,1 Month,Agent_4,Customer_4826,"Price, Mileage",9991398297,OPTY20037,2025-01-07T05:42:16.534310,Tata_Leads,No,No,No,Yes,Yes,TRUE,BU1,Booking Done,2025-02-02T05:42:16.534310,Average,Test Drive,PV,1152131,205,Personal,dealer,dealer,PV,07-01-2025,17-01-2025,,,,
call_transcript_42,Hot,Interested in vehicle,Tiago EV,516332,1 Month,Agent_12,Customer_8744,"Price, Mileage",9159871063,OPTY20038,2025-04-08T05:42:16.534310,Tata_Leads,Yes,No,Yes,No,No,TRUE,BU3,Retailed,2025-05-04T05:42:16.534310,Average,Follow-up,EV,2657967,235,Personal,facebook,dealer,EV,08-04-2025,16-04-2025,,17-05-2025,,17-05-2025
call_transcript_43,Cold,Interested in vehicle,Curvv,273013,1 Month,Agent_8,Customer_4126,"Price, Mileage",9816464777,OPTY20039,2025-05-24T05:42:16.534310,Tata_Leads,No,No,No,No,No,FALSE,BU3,Booking Done,2025-05-30T05:42:16.534310,Poor,Follow-up,PV,1607102,50,Personal,facebook,dealer,PV,24-05-2025,16-06-2025,,,,
call_transcript_44,Hot,Interested in vehicle,Tigor,342658,6 Months,Agent_8,Customer_2701,"Price, Mileage",9303222050,OPTY20040,2025-09-15T05:42:16.534310,Tata_Leads,No,No,Yes,Yes,Yes,FALSE,BU1,Retailed,2025-10-03T05:42:16.534310,Good,Quotation,PV,1354785,289,Personal,walkin,dealer,PV,15-09-2025,30-09-2025,,03-11-2025,,03-11-2025
call_transcript_45,Hot,Interested in vehicle,Tiago EV,134612,1 Month,Agent_2,Customer_9702,"Price, Mileage",9420141136,OPTY20041,2024-12-16T05:42:16.534310,Tata_Leads,No,Yes,No,Yes,Yes,TRUE,BU3,Booking Done,2024-12-24T05:42:16.534310,Average,Test Drive,EV,2935583,190,Personal,facebook,dealer,EV,16-12-2024,05-01-2025,,,,
call_transcript_46,Hot,Interested in vehicle,Tiago,280015,1 Month,Agent_3,Customer_5041,"Price, Mileage",9341529844,OPTY20042,2024-11-19T05:42:16.534310,Tata_Leads,No,Yes,No,Yes,Yes,FALSE,BU3,Booking Done,2024-11-23T05:42:16.534310,Good,Follow-up,PV,1184572,134,Personal,walkin,dealer,PV,19-11-2024,09-12-2024,,,,
call_transcript_47,Cold,Interested in vehicle,Tiago,532564,3 Months,Agent_5,Customer_9955,"Price, Mileage",9197157061,OPTY20043,2025-08-30T05:42:16.534310,Tata_Leads,No,Yes,Yes,Yes,No,FALSE,BU3,None,2025-09-05T05:42:16.534310,Average,Quotation,PV,889971,123,Personal,dealer,dealer,PV,30-08-2025,,,,,
call_transcript_48,Cold,Interested in vehicle,Tiago,323084,6 Months,Agent_9,Customer_2441,"Price, Mileage",9526410261,OPTY20044,2025-10-10T05:42:16.534310,Tata_Leads,No,Yes,No,No,Yes,TRUE,BU1,02 Open Green Form,2025-10-10T05:42:16.534310,Average,Follow-up,PV,3115115,279,Personal,dealer,dealer,PV,10-10-2025,,,,,
call_transcript_49,Cold,Interested in vehicle,Tigor EV,554931,6 Months,Agent_2,Customer_9556,"Price, Mileage",9119401146,OPTY20045,2025-06-03T05:42:16.534310,Tata_Leads,Yes,Yes,Yes,Yes,No,FALSE,BU2,02 Open Green Form,2025-06-11T05:42:16.534310,Poor,Test Drive,EV,2408290,298,Personal,walkin,dealer,EV,03-06-2025,,,,,
call_transcript_50,Warm,Interested in vehicle,Tiago EV,267398,3 Months,Agent_7,Customer_6020,"Price, Mileage",9846922526,OPTY20046,2025-07-27T05:42:16.534310,Tata_Leads,No,No,No,Yes,No,FALSE,BU2,Retailed,2025-08-19T05:42:16.534310,Good,Quotation,EV,1896585,106,Personal,google,dealer,EV,27-07-2025,23-08-2025,,27-08-2025,,27-08-2025
call_transcript_51,Warm,Interested in vehicle,Tigor,184727,Immediate,Agent_9,Customer_9601,"Price, Mileage",9499002983,OPTY20047,2025-05-06T05:42:16.534310,Tata_Leads,No,Yes,Yes,Yes,No,TRUE,BU4,Retailed,2025-05-21T05:42:16.534310,Average,Quotation,PV,2833063,126,Personal,walkin,dealer,PV,06-05-2025,22-05-2025,,23-06-2025,,23-06-2025
call_transcript_52,Cold,Interested in vehicle,Nexon EV,492037,6 Months,Agent_8,Customer_8455,"Price, Mileage",9128200444,OPTY20048,2025-08-07T05:42:16.534310,Tata_Leads,Yes,No,Yes,Yes,No,TRUE,BU2,None,2025-08-26T05:42:16.534310,Average,Quotation,EV,2089727,292,Personal,google,dealer,EV,07-08-2025,,,,,
call_transcript_53,Warm,Interested in vehicle,Harrier,228603,3 Months,Agent_9,Customer_1703,"Price, Mileage",9381785354,OPTY20049,2025-11-03T05:42:16.534310,Tata_Leads,Yes,Yes,Yes,Yes,No,FALSE,BU1,Booking Done,2025-12-02T05:42:16.534310,Good,Quotation,PV,3390415,255,Personal,facebook,dealer,PV,03-11-2025,22-11-2025,,,,
call_transcript_54,Hot,Interested in vehicle,Tigor,190318,Immediate,Agent_5,Customer_2486,"Price, Mileage",9886140436,OPTY20050,2025-10-22T05:42:16.534310,Tata_Leads,No,Yes,No,Yes,Yes,TRUE,BU1,Booking Done,2025-11-02T05:42:16.534310,Poor,Follow-up,PV,1684708,199,Personal,google,dealer,PV,22-10-2025,05-11-2025,,,,
call_transcript_55,Warm,Interested in vehicle,Tigor EV,196088,Immediate,Agent_6,Customer_1846,"Price, Mileage",9903866847,OPTY20051,2025-09-17T05:42:16.534310,Tata_Leads,Yes,Yes,Yes,No,Yes,FALSE,BU3,Retailed,2025-10-08T05:42:16.534310,Good,Quotation,EV,2152542,190,Personal,google,dealer,EV,17-09-2025,06-10-2025,,25-10-2025,,25-10-2025
call_transcript_56,Warm,Interested in vehicle,Safari,466680,1 Month,Agent_9,Customer_7866,"Price, Mileage",9762444630,OPTY20052,2025-09-21T05:42:16.534310,Tata_Leads,No,No,Yes,No,No,FALSE,BU2,Retailed,2025-10-12T05:42:16.534310,Poor,Test Drive,PV,1782741,204,Personal,dealer,dealer,PV,21-09-2025,13-10-2025,,08-11-2025,,08-11-2025
call_transcript_57,Cold,Interested in vehicle,Tigor EV,476842,3 Months,Agent_10,Customer_8563,"Price, Mileage",9725886252,OPTY20053,2025-09-06T05:42:16.534310,Tata_Leads,Yes,No,Yes,Yes,No,FALSE,BU3,Booking Done,2025-09-20T05:42:16.534310,Good,Quotation,EV,1633168,257,Personal,dealer,dealer,EV,06-09-2025,23-09-2025,,,,
call_transcript_58,Cold,Interested in vehicle,Safari,237663,3 Months,Agent_2,Customer_4588,"Price, Mileage",9456306784,OPTY20054,2025-07-05T05:42:16.534310,Tata_Leads,Yes,Yes,No,Yes,No,TRUE,BU4,02 Open Green Form,2025-07-23T05:42:16.534310,Average,Test Drive,PV,1079052,269,Personal,walkin,dealer,PV,05-07-2025,,,,,
call_transcript_59,Cold,Interested in vehicle,Nexon,132509,1 Month,Agent_7,Customer_2168,"Price, Mileage",9258553424,OPTY20055,2024-12-23T05:42:16.534310,Tata_Leads,Yes,Yes,No,Yes,Yes,FALSE,BU2,Retailed,2025-01-10T05:42:16.534310,Good,Test Drive,PV,1150973,82,Personal,dealer,dealer,PV,23-12-2024,12-01-2025,,26-01-2025,,26-01-2025
call_transcript_60,Warm,Interested in vehicle,Tiago,392239,Immediate,Agent_7,Customer_9323,"Price, Mileage",9907549795,OPTY20056,2025-03-18T05:42:16.534310,Tata_Leads,Yes,Yes,No,Yes,No,FALSE,BU3,None,2025-03-22T05:42:16.534310,Good,Quotation,PV,2217398,221,Personal,walkin,dealer,PV,18-03-2025,,,,,
call_transcript_61,Cold,Interested in vehicle,Tiago,287525,Immediate,Agent_1,Customer_8645,"Price, Mileage",9567621477,OPTY20057,2025-09-15T05:42:16.534310,Tata_Leads,Yes,Yes,Yes,Yes,No,FALSE,BU1,Booking Done,2025-10-14T05:42:16.534310,Good,Quotation,PV,1294880,135,Personal,google,dealer,PV,15-09-2025,12-10-2025,,,,
call_transcript_62,Cold,Interested in vehicle,Curvv,280830,3 Months,Agent_9,Customer_5559,"Price, Mileage",9273145757,OPTY20058,2025-09-07T05:42:16.534310,Tata_Leads,Yes,Yes,Yes,No,No,FALSE,BU2,Booking Done,2025-09-13T05:42:16.534310,Poor,Quotation,PV,1452595,238,Personal,google,dealer,PV,07-09-2025,17-09-2025,,,,
call_transcript_63,Warm,Interested in vehicle,Harrier,303609,6 Months,Agent_12,Customer_3575,"Price, Mileage",9605507725,OPTY20059,2025-05-17T05:42:16.534310,Tata_Leads,Yes,No,Yes,No,No,TRUE,BU4,Booking Done,2025-05-25T05:42:16.534310,Average,Follow-up,PV,1544823,164,Personal,facebook,dealer,PV,17-05-2025,26-05-2025,,,,
call_transcript_64,Warm,Interested in vehicle,Nexon EV,177198,6 Months,Agent_12,Customer_7359,"Price, Mileage",9205025267,OPTY20060,2025-06-22T05:42:16.534310,Tata_Leads,Yes,Yes,No,Yes,Yes,TRUE,BU2,Booking Done,2025-06-27T05:42:16.534310,Good,Test Drive,EV,1816233,299,Personal,walkin,dealer,EV,22-06-2025,09-07-2025,,,,
call_transcript_65,Warm,Interested in vehicle,Altroz,534094,1 Month,Agent_9,Customer_5459,"Price, Mileage",9948563969,OPTY20061,2024-12-21T05:42:16.534310,Tata_Leads,No,No,No,Yes,Yes,FALSE,BU2,02 Open Green Form,2024-12-28T05:42:16.534310,Average,Follow-up,PV,2902566,59,Personal,facebook,dealer,PV,21-12-2024,,,,,
call_transcript_66,Hot,Interested in vehicle,Nexon,497697,1 Month,Agent_10,Customer_5534,"Price, Mileage",9913605633,OPTY20062,2025-02-18T05:42:16.534310,Tata_Leads,No,No,No,Yes,Yes,TRUE,BU3,Retailed,2025-03-15T05:42:16.534310,Average,Test Drive,PV,2665662,31,Personal,facebook,dealer,PV,18-02-2025,17-03-2025,,04-04-2025,,04-04-2025
call_transcript_67,Warm,Interested in vehicle,Curvv,427546,6 Months,Agent_6,Customer_8675,"Price, Mileage",9457976380,OPTY20063,2025-10-22T05:42:16.534310,Tata_Leads,No,Yes,No,No,No,FALSE,BU1,Retailed,2025-11-02T05:42:16.534310,Poor,Quotation,PV,2334711,144,Personal,google,dealer,PV,22-10-2025,16-11-2025,,11-12-2025,,11-12-2025
call_transcript_68,Warm,Interested in vehicle,Tigor EV,129942,1 Month,Agent_1,Customer_1535,"Price, Mileage",9484739268,OPTY20064,2025-05-19T05:42:16.534310,Tata_Leads,No,Yes,Yes,No,Yes,TRUE,BU4,Retailed,2025-06-14T05:42:16.534310,Good,Follow-up,EV,2381004,37,Personal,dealer,dealer,EV,19-05-2025,14-06-2025,,26-06-2025,,26-06-2025
call_transcript_69,Cold,Interested in vehicle,Safari,493716,1 Month,Agent_2,Customer_1453,"Price, Mileage",9769766259,OPTY20065,2025-08-08T05:42:16.534310,Tata_Leads,Yes,Yes,No,Yes,Yes,TRUE,BU1,Retailed,2025-08-28T05:42:16.534310,Good,Quotation,PV,2132405,274,Personal,facebook,dealer,PV,08-08-2025,19-08-2025,,08-09-2025,,08-09-2025
call_transcript_70,Warm,Interested in vehicle,Tigor EV,125546,6 Months,Agent_7,Customer_2377,"Price, Mileage",9872258014,OPTY20066,2025-05-29T05:42:16.534310,Tata_Leads,Yes,Yes,Yes,Yes,No,TRUE,BU3,02 Open Green Form,2025-06-02T05:42:16.534310,Good,Test Drive,EV,1175026,125,Personal,walkin,dealer,EV,29-05-2025,,,,,
call_transcript_71,Cold,Interested in vehicle,Altroz,268662,6 Months,Agent_11,Customer_3758,"Price, Mileage",9625151762,OPTY20067,2025-09-04T05:42:16.534310,Tata_Leads,No,No,Yes,Yes,No,TRUE,BU2,Booking Done,2025-09-04T05:42:16.534310,Average,Follow-up,PV,1402540,182,Personal,walkin,dealer,PV,04-09-2025,26-09-2025,,,,
call_transcript_72,Cold,Interested in vehicle,Harrier,159326,6 Months,Agent_12,Customer_1349,"Price, Mileage",9497310918,OPTY20068,2025-03-06T05:42:16.534310,Tata_Leads,No,No,Yes,Yes,Yes,TRUE,BU2,02 Open Green Form,2025-03-17T05:42:16.534310,Good,Test Drive,PV,2135812,57,Personal,dealer,dealer,PV,06-03-2025,,,,,
call_transcript_73,Hot,Interested in vehicle,Safari,456941,1 Month,Agent_11,Customer_6336,"Price, Mileage",9332860716,OPTY20069,2025-02-16T05:42:16.534310,Tata_Leads,Yes,Yes,No,Yes,No,FALSE,BU2,02 Open Green Form,2025-03-16T05:42:16.534310,Average,Quotation,PV,1733778,224,Personal,facebook,dealer,PV,16-02-2025,,,,,
call_transcript_74,Warm,Interested in vehicle,Altroz,468474,6 Months,Agent_6,Customer_4272,"Price, Mileage",9848259515,OPTY20070,2025-07-24T05:42:16.534310,Tata_Leads,Yes,Yes,No,No,No,FALSE,BU1,02 Open Green Form,2025-08-22T05:42:16.534310,Good,Follow-up,PV,2082718,281,Personal,walkin,dealer,PV,24-07-2025,,,,,
call_transcript_75,Hot,Interested in vehicle,Nexon,490646,6 Months,Agent_7,Customer_1085,"Price, Mileage",9112451391,OPTY20071,2024-11-19T05:42:16.534310,Tata_Leads,No,Yes,Yes,Yes,No,FALSE,BU1,Retailed,2024-12-16T05:42:16.534310,Good,Quotation,PV,853493,32,Personal,facebook,dealer,PV,19-11-2024,09-12-2024,,04-01-2025,,04-01-2025
call_transcript_76,Cold,Interested in vehicle,Safari,403736,3 Months,Agent_4,Customer_4485,"Price, Mileage",9718309701,OPTY20072,2025-12-15T05:42:16.534310,Tata_Leads,Yes,Yes,No,Yes,Yes,FALSE,BU1,02 Open Green Form,2026-01-10T05:42:16.534310,Poor,Follow-up,PV,1618015,133,Personal,facebook,dealer,PV,15-12-2025,,,,,
call_transcript_77,Hot,Interested in vehicle,Nexon EV,397777,6 Months,Agent_7,Customer_4189,"Price, Mileage",9757748444,OPTY20073,2025-07-15T05:42:16.534310,Tata_Leads,Yes,No,No,No,Yes,TRUE,BU3,Retailed,2025-08-03T05:42:16.534310,Poor,Follow-up,EV,1698074,143,Personal,dealer,dealer,EV,15-07-2025,03-08-2025,,21-08-2025,,21-08-2025
call_transcript_78,Hot,Interested in vehicle,Nexon EV,549338,3 Months,Agent_10,Customer_9447,"Price, Mileage",9998050726,OPTY20074,2025-05-17T05:42:16.534310,Tata_Leads,No,Yes,No,Yes,Yes,FALSE,BU1,Retailed,2025-06-07T05:42:16.534310,Average,Quotation,EV,1886981,74,Personal,walkin,dealer,EV,17-05-2025,28-05-2025,,16-06-2025,,16-06-2025
call_transcript_79,Cold,Interested in vehicle,Curvv,390384,1 Month,Agent_2,Customer_5442,"Price, Mileage",9851322718,OPTY20075,2025-01-24T05:42:16.534310,Tata_Leads,No,Yes,No,Yes,Yes,TRUE,BU3,Retailed,2025-02-19T05:42:16.534310,Average,Test Drive,PV,1797630,294,Personal,google,dealer,PV,24-01-2025,10-02-2025,,19-03-2025,,19-03-2025
call_transcript_80,Hot,Interested in vehicle,Tigor EV,268671,3 Months,Agent_12,Customer_4146,"Price, Mileage",9545167498,OPTY20076,2024-12-14T05:42:16.534310,Tata_Leads,Yes,Yes,Yes,No,Yes,FALSE,BU3,02 Open Green Form,2024-12-29T05:42:16.534310,Good,Quotation,EV,3387352,128,Personal,walkin,dealer,EV,14-12-2024,,,,,
call_transcript_81,Warm,Interested in vehicle,Tigor EV,390303,1 Month,Agent_2,Customer_8287,"Price, Mileage",9366083753,OPTY20077,2024-12-26T05:42:16.534310,Tata_Leads,Yes,Yes,No,Yes,Yes,FALSE,BU2,None,2024-12-26T05:42:16.534310,Good,Quotation,EV,2572839,237,Personal,dealer,dealer,EV,26-12-2024,,,,,
call_transcript_82,Hot,Interested in vehicle,Harrier,327414,6 Months,Agent_9,Customer_5593,"Price, Mileage",9782486978,OPTY20078,2025-01-15T05:42:16.534310,Tata_Leads,No,No,No,Yes,No,FALSE,BU1,Booking Done,2025-01-20T05:42:16.534310,Average,Follow-up,PV,1544383,117,Personal,facebook,dealer,PV,15-01-2025,31-01-2025,,,,
call_transcript_83,Cold,Interested in vehicle,Harrier,557472,1 Month,Agent_3,Customer_1763,"Price, Mileage",9357594471,OPTY20079,2025-12-02T05:42:16.534310,Tata_Leads,No,Yes,No,Yes,Yes,FALSE,BU1,02 Open Green Form,2025-12-22T05:42:16.534310,Good,Quotation,PV,1784330,216,Personal,facebook,dealer,PV,02-12-2025,,,,,
call_transcript_84,Hot,Interested in vehicle,Nexon EV,168585,6 Months,Agent_3,Customer_1664,"Price, Mileage",9657669943,OPTY20080,2025-12-02T05:42:16.534310,Tata_Leads,No,No,Yes,Yes,Yes,TRUE,BU4,None,2025-12-20T05:42:16.534310,Good,Follow-up,EV,847336,240,Personal,dealer,dealer,EV,02-12-2025,,,,,
call_transcript_85,Hot,Interested in vehicle,Nexon EV,284044,3 Months,Agent_12,Customer_1967,"Price, Mileage",9420449248,OPTY20081,2025-07-06T05:42:16.534310,Tata_Leads,Yes,Yes,Yes,Yes,No,FALSE,BU4,None,2025-07-11T05:42:16.534310,Poor,Test Drive,EV,3230644,185,Personal,google,dealer,EV,06-07-2025,,,,,
call_transcript_86,Cold,Interested in vehicle,Harrier,227076,1 Month,Agent_10,Customer_8471,"Price, Mileage",9862055694,OPTY20082,2025-08-19T05:42:16.534310,Tata_Leads,No,No,No,Yes,No,TRUE,BU4,None,2025-09-14T05:42:16.534310,Poor,Follow-up,PV,1975531,185,Personal,google,dealer,PV,19-08-2025,,,,,
call_transcript_87,Cold,Interested in vehicle,Tiago EV,371315,6 Months,Agent_1,Customer_2610,"Price, Mileage",9933962257,OPTY20083,2025-11-09T05:42:16.534310,Tata_Leads,Yes,No,Yes,Yes,Yes,FALSE,BU4,None,2025-11-10T05:42:16.534310,Poor,Follow-up,EV,2041448,127,Personal,dealer,dealer,EV,09-11-2025,,,,,
call_transcript_88,Cold,Interested in vehicle,Tiago EV,175501,6 Months,Agent_11,Customer_9116,"Price, Mileage",9396916591,OPTY20084,2025-06-07T05:42:16.534310,Tata_Leads,Yes,Yes,No,No,No,TRUE,BU1,None,2025-06-25T05:42:16.534310,Average,Follow-up,EV,2498386,158,Personal,google,dealer,EV,07-06-2025,,,,,
call_transcript_89,Hot,Interested in vehicle,Tiago EV,424433,3 Months,Agent_4,Customer_2875,"Price, Mileage",9133662452,OPTY20085,2025-06-23T05:42:16.534310,Tata_Leads,Yes,No,Yes,No,Yes,TRUE,BU1,None,2025-07-14T05:42:16.534310,Good,Follow-up,EV,1973076,228,Personal,dealer,dealer,EV,23-06-2025,,,,,
call_transcript_90,Hot,Interested in vehicle,Tigor,502025,3 Months,Agent_1,Customer_1345,"Price, Mileage",9866530922,OPTY20086,2025-01-05T05:42:16.534310,Tata_Leads,Yes,Yes,No,No,No,TRUE,BU2,Retailed,2025-01-06T05:42:16.534310,Good,Quotation,PV,3474818,222,Personal,walkin,dealer,PV,05-01-2025,31-01-2025,,03-03-2025,,03-03-2025
call_transcript_91,Cold,Interested in vehicle,Safari,426450,1 Month,Agent_2,Customer_9455,"Price, Mileage",9930346819,OPTY20087,2025-05-09T05:42:16.534310,Tata_Leads,No,Yes,No,No,No,FALSE,BU2,02 Open Green Form,2025-05-09T05:42:16.534310,Average,Follow-up,PV,776745,215,Personal,google,dealer,PV,09-05-2025,,,,,
call_transcript_92,Warm,Interested in vehicle,Nexon EV,457031,1 Month,Agent_8,Customer_9693,"Price, Mileage",9369958103,OPTY20088,2025-11-17T05:42:16.534310,Tata_Leads,Yes,No,No,No,Yes,TRUE,BU3,None,2025-12-09T05:42:16.534310,Average,Test Drive,EV,2416549,107,Personal,google,dealer,EV,17-11-2025,,,,,
call_transcript_93,Hot,Interested in vehicle,Tiago EV,516988,3 Months,Agent_6,Customer_5518,"Price, Mileage",9432529673,OPTY20089,2025-04-17T05:42:16.534310,Tata_Leads,No,No,No,No,Yes,TRUE,BU4,02 Open Green Form,2025-04-22T05:42:16.534310,Poor,Follow-up,EV,2090553,55,Personal,walkin,dealer,EV,17-04-2025,,,,,
call_transcript_94,Cold,Interested in vehicle,Tiago EV,156513,Immediate,Agent_2,Customer_9649,"Price, Mileage",9875085992,OPTY20090,2025-07-25T05:42:16.534310,Tata_Leads,Yes,Yes,No,Yes,No,TRUE,BU4,Booking Done,2025-08-11T05:42:16.534310,Good,Test Drive,EV,1093608,217,Personal,walkin,dealer,EV,25-07-2025,13-08-2025,,,,
call_transcript_95,Warm,Interested in vehicle,Nexon EV,502062,1 Month,Agent_6,Customer_2799,"Price, Mileage",9427097293,OPTY20091,2025-05-04T05:42:16.534310,Tata_Leads,Yes,No,No,No,Yes,FALSE,BU3,Booking Done,2025-05-18T05:42:16.534310,Average,Test Drive,EV,2829395,215,Personal,facebook,dealer,EV,04-05-2025,28-05-2025,,,,
call_transcript_96,Cold,Interested in vehicle,Tigor EV,342501,3 Months,Agent_6,Customer_7777,"Price, Mileage",9778974179,OPTY20092,2025-03-03T05:42:16.534310,Tata_Leads,Yes,No,Yes,No,No,TRUE,BU3,Booking Done,2025-03-09T05:42:16.534310,Poor,Follow-up,EV,1208706,261,Personal,dealer,dealer,EV,03-03-2025,12-03-2025,,,,
call_transcript_97,Hot,Interested in vehicle,Curvv,254013,Immediate,Agent_2,Customer_9612,"Price, Mileage",9462793820,OPTY20093,2025-07-31T05:42:16.534310,Tata_Leads,No,Yes,No,Yes,No,TRUE,BU1,None,2025-08-16T05:42:16.534310,Average,Quotation,PV,3286202,103,Personal,google,dealer,PV,31-07-2025,,,,,
call_transcript_98,Hot,Interested in vehicle,Altroz,191155,6 Months,Agent_9,Customer_2298,"Price, Mileage",9781769081,OPTY20094,2025-02-27T05:42:16.534310,Tata_Leads,Yes,Yes,No,Yes,Yes,TRUE,BU2,02 Open Green Form,2025-03-14T05:42:16.534310,Poor,Follow-up,PV,711557,293,Personal,dealer,dealer,PV,27-02-2025,,,,,
call_transcript_99,Hot,Interested in vehicle,Harrier,123201,3 Months,Agent_4,Customer_3833,"Price, Mileage",9358200641,OPTY20095,2025-09-02T05:42:16.534310,Tata_Leads,Yes,No,Yes,Yes,No,TRUE,BU4,Booking Done,2025-09-04T05:42:16.534310,Average,Test Drive,PV,2009802,132,Personal,walkin,dealer,PV,02-09-2025,12-09-2025,,,,
call_transcript_100,Cold,Interested in vehicle,Tigor EV,314280,Immediate,Agent_12,Customer_6714,"Price, Mileage",9369519628,OPTY20096,2025-06-12T05:42:16.534310,Tata_Leads,Yes,Yes,Yes,No,Yes,FALSE,BU2,02 Open Green Form,2025-07-11T05:42:16.534310,Poor,Follow-up,EV,2429693,157,Personal,google,dealer,EV,12-06-2025,,,,,
call_transcript_101,Warm,Interested in vehicle,Nexon,537313,Immediate,Agent_4,Customer_1026,"Price, Mileage",9256625185,OPTY20097,2025-01-28T05:42:16.534310,Tata_Leads,Yes,No,Yes,Yes,Yes,FALSE,BU1,None,2025-02-07T05:42:16.534310,Average,Test Drive,PV,3180870,52,Personal,dealer,dealer,PV,28-01-2025,,,,,
call_transcript_102,Hot,Interested in vehicle,Nexon,365455,6 Months,Agent_11,Customer_5542,"Price, Mileage",9380166867,OPTY20098,2025-08-13T05:42:16.534310,Tata_Leads,Yes,Yes,No,No,No,TRUE,BU2,02 Open Green Form,2025-08-28T05:42:16.534310,Poor,Test Drive,PV,1229279,253,Personal,google,dealer,PV,13-08-2025,,,,,
call_transcript_103,Warm,Interested in vehicle,Tigor,359763,Immediate,Agent_12,Customer_3201,"Price, Mileage",9903104668,OPTY20099,2025-12-10T05:42:16.534310,Tata_Leads,Yes,Yes,Yes,Yes,No,FALSE,BU2,02 Open Green Form,2025-12-26T05:42:16.534310,Poor,Quotation,PV,1088887,219,Personal,facebook,dealer,PV,10-12-2025,,,,,
call_transcript_104,Warm,Interested in vehicle,Tigor,552537,Immediate,Agent_4,Customer_2127,"Price, Mileage",9714025982,OPTY20100,2025-09-10T05:42:16.534310,Tata_Leads,Yes,Yes,Yes,No,Yes,TRUE,BU4,None,2025-09-27T05:42:16.534310,Good,Test Drive,PV,2693041,74,Personal,walkin,dealer,PV,10-09-2025,,,,,
call_transcript_105,Warm,Interested in vehicle,Tiago EV,278828,3 Months,Agent_11,Customer_3179,"Price, Mileage",9976245610,OPTY20101,2025-01-27T05:42:16.534310,Tata_Leads,No,Yes,Yes,No,No,FALSE,BU3,Booking Done,2025-01-31T05:42:16.534310,Average,Quotation,EV,803215,53,Personal,walkin,dealer,EV,27-01-2025,08-02-2025,,,,
call_transcript_106,Warm,Interested in vehicle,Tiago,453167,3 Months,Agent_11,Customer_8572,"Price, Mileage",9151969783,OPTY20102,2025-01-30T05:42:16.534310,Tata_Leads,No,Yes,No,No,No,FALSE,BU4,Booking Done,2025-02-06T05:42:16.534310,Average,Quotation,PV,2217073,66,Personal,walkin,dealer,PV,30-01-2025,06-02-2025,,,,
call_transcript_107,Warm,Interested in vehicle,Tiago EV,489607,Immediate,Agent_10,Customer_5723,"Price, Mileage",9142487868,OPTY20103,2025-12-11T05:42:16.534310,Tata_Leads,Yes,No,No,No,No,TRUE,BU3,02 Open Green Form,2025-12-11T05:42:16.534310,Poor,Follow-up,EV,1783071,94,Personal,walkin,dealer,EV,11-12-2025,,,,,
call_transcript_108,Hot,Interested in vehicle,Tigor EV,130871,1 Month,Agent_2,Customer_1853,"Price, Mileage",9604070667,OPTY20104,2025-10-29T05:42:16.534310,Tata_Leads,Yes,No,Yes,No,Yes,TRUE,BU1,02 Open Green Form,2025-11-01T05:42:16.534310,Average,Test Drive,EV,3318020,83,Personal,facebook,dealer,EV,29-10-2025,,,,,
call_transcript_109,Hot,Interested in vehicle,Tigor EV,464056,Immediate,Agent_2,Customer_6412,"Price, Mileage",9113768583,OPTY20105,2025-11-25T05:42:16.534310,Tata_Leads,No,Yes,No,No,Yes,TRUE,BU4,02 Open Green Form,2025-12-11T05:42:16.534310,Poor,Quotation,EV,867172,225,Personal,google,dealer,EV,25-11-2025,,,,,
call_transcript_110,Hot,Interested in vehicle,Tigor,409438,6 Months,Agent_2,Customer_9125,"Price, Mileage",9295051364,OPTY20106,2025-03-27T05:42:16.534310,Tata_Leads,Yes,Yes,No,Yes,Yes,FALSE,BU1,None,2025-04-15T05:42:16.534310,Good,Follow-up,PV,1482752,241,Personal,walkin,dealer,PV,27-03-2025,,,,,
call_transcript_111,Warm,Interested in vehicle,Tiago EV,399714,6 Months,Agent_8,Customer_5570,"Price, Mileage",9407924860,OPTY20107,2025-10-23T05:42:16.534310,Tata_Leads,Yes,No,Yes,Yes,Yes,FALSE,BU4,02 Open Green Form,2025-10-27T05:42:16.534310,Poor,Quotation,EV,3251656,104,Personal,walkin,dealer,EV,23-10-2025,,,,,
call_transcript_112,Hot,Interested in vehicle,Nexon EV,485987,6 Months,Agent_9,Customer_6957,"Price, Mileage",9623509435,OPTY20108,2025-05-08T05:42:16.534310,Tata_Leads,No,No,Yes,No,Yes,FALSE,BU2,Booking Done,2025-05-08T05:42:16.534310,Good,Test Drive,EV,3082507,97,Personal,google,dealer,EV,08-05-2025,26-05-2025,,,,
call_transcript_113,Cold,Interested in vehicle,Harrier,519315,3 Months,Agent_3,Customer_2570,"Price, Mileage",9574519333,OPTY20109,2025-06-08T05:42:16.534310,Tata_Leads,Yes,Yes,No,No,No,FALSE,BU2,02 Open Green Form,2025-06-13T05:42:16.534310,Poor,Quotation,PV,1571765,61,Personal,dealer,dealer,PV,08-06-2025,,,,,
call_transcript_114,Hot,Interested in vehicle,Curvv,486426,1 Month,Agent_7,Customer_8666,"Price, Mileage",9725356922,OPTY20110,2025-11-01T05:42:16.534310,Tata_Leads,No,No,No,No,No,TRUE,BU2,Booking Done,2025-11-27T05:42:16.534310,Poor,Test Drive,PV,2825429,124,Personal,dealer,dealer,PV,01-11-2025,25-11-2025,,,,
call_transcript_115,Hot,Interested in vehicle,Nexon EV,298202,Immediate,Agent_6,Customer_9958,"Price, Mileage",9927870457,OPTY20111,2025-10-22T05:42:16.534310,Tata_Leads,No,Yes,No,No,Yes,FALSE,BU4,02 Open Green Form,2025-10-29T05:42:16.534310,Good,Quotation,EV,3109984,32,Personal,google,dealer,EV,22-10-2025,,,,,
call_transcript_116,Warm,Interested in vehicle,Tiago EV,448400,1 Month,Agent_11,Customer_3578,"Price, Mileage",9302863977,OPTY20112,2025-12-12T05:42:16.534310,Tata_Leads,No,No,No,No,Yes,FALSE,BU2,02 Open Green Form,2025-12-26T05:42:16.534310,Poor,Follow-up,EV,1442125,98,Personal,facebook,dealer,EV,12-12-2025,,,,,
call_transcript_117,Hot,Interested in vehicle,Tigor EV,515081,1 Month,Agent_11,Customer_4121,"Price, Mileage",9123119392,OPTY20113,2025-03-09T05:42:16.534310,Tata_Leads,No,Yes,Yes,No,Yes,FALSE,BU4,None,2025-03-21T05:42:16.534310,Good,Follow-up,EV,2600223,96,Personal,walkin,dealer,EV,09-03-2025,,,,,
call_transcript_118,Hot,Interested in vehicle,Tigor,376944,3 Months,Agent_4,Customer_7189,"Price, Mileage",9635631695,OPTY20114,2025-05-19T05:42:16.534310,Tata_Leads,No,No,No,Yes,No,TRUE,BU4,02 Open Green Form,2025-06-09T05:42:16.534310,Average,Follow-up,PV,1541581,36,Personal,walkin,dealer,PV,19-05-2025,,,,,
call_transcript_119,Cold,Interested in vehicle,Tigor EV,404910,3 Months,Agent_12,Customer_8408,"Price, Mileage",9663966391,OPTY20115,2025-02-07T05:42:16.534310,Tata_Leads,No,Yes,No,No,Yes,FALSE,BU2,Retailed,2025-02-15T05:42:16.534310,Good,Test Drive,EV,3400652,142,Personal,google,dealer,EV,07-02-2025,07-03-2025,,29-03-2025,,29-03-2025
call_transcript_120,Warm,Interested in vehicle,Tiago EV,258904,Immediate,Agent_4,Customer_4623,"Price, Mileage",9210532860,OPTY20116,2025-04-30T05:42:16.534310,Tata_Leads,No,No,Yes,Yes,Yes,TRUE,BU1,Retailed,2025-05-21T05:42:16.534310,Average,Test Drive,EV,2054213,285,Personal,google,dealer,EV,30-04-2025,26-05-2025,,15-06-2025,,15-06-2025
call_transcript_121,Warm,Interested in vehicle,Tiago EV,193973,Immediate,Agent_1,Customer_8017,"Price, Mileage",9361882202,OPTY20117,2025-04-16T05:42:16.534310,Tata_Leads,Yes,Yes,Yes,Yes,No,TRUE,BU1,None,2025-04-20T05:42:16.534310,Average,Follow-up,EV,2576934,246,Personal,dealer,dealer,EV,16-04-2025,,,,,
call_transcript_122,Hot,Interested in vehicle,Safari,426205,3 Months,Agent_9,Customer_3857,"Price, Mileage",9495451372,OPTY20118,2025-08-31T05:42:16.534310,Tata_Leads,No,No,No,Yes,No,TRUE,BU4,02 Open Green Form,2025-08-31T05:42:16.534310,Good,Test Drive,PV,1342898,220,Personal,facebook,dealer,PV,31-08-2025,,,,,
call_transcript_123,Cold,Interested in vehicle,Punch,445478,3 Months,Agent_10,Customer_4417,"Price, Mileage",9659090321,OPTY20119,2025-07-19T05:42:16.534310,Tata_Leads,Yes,No,Yes,No,No,FALSE,BU4,02 Open Green Form,2025-08-03T05:42:16.534310,Poor,Follow-up,PV,2374198,243,Personal,google,dealer,PV,19-07-2025,,,,,
call_transcript_124,Warm,Interested in vehicle,Nexon EV,126710,Immediate,Agent_12,Customer_3716,"Price, Mileage",9623553007,OPTY20120,2025-01-30T05:42:16.534310,Tata_Leads,No,No,Yes,Yes,Yes,FALSE,BU3,None,2025-02-28T05:42:16.534310,Poor,Quotation,EV,1254687,299,Personal,walkin,dealer,EV,30-01-2025,,,,,
call_transcript_125,Cold,Interested in vehicle,Nexon EV,510957,1 Month,Agent_8,Customer_2177,"Price, Mileage",9459880064,OPTY20121,2025-01-08T05:42:16.534310,Tata_Leads,No,Yes,No,Yes,No,FALSE,BU2,Booking Done,2025-01-26T05:42:16.534310,Poor,Test Drive,EV,2469343,94,Personal,dealer,dealer,EV,08-01-2025,26-01-2025,,,,
call_transcript_126,Cold,Interested in vehicle,Tigor EV,377840,Immediate,Agent_9,Customer_8702,"Price, Mileage",9343768014,OPTY20122,2025-11-08T05:42:16.534310,Tata_Leads,No,Yes,Yes,No,Yes,TRUE,BU3,None,2025-12-07T05:42:16.534310,Average,Test Drive,EV,703388,232,Personal,facebook,dealer,EV,08-11-2025,,,,,
call_transcript_127,Hot,Interested in vehicle,Tigor,218610,Immediate,Agent_7,Customer_4832,"Price, Mileage",9714036768,OPTY20123,2025-02-18T05:42:16.534310,Tata_Leads,Yes,Yes,No,No,Yes,TRUE,BU2,Retailed,2025-03-20T05:42:16.534310,Good,Quotation,PV,2626921,127,Personal,facebook,dealer,PV,18-02-2025,11-03-2025,,19-04-2025,,19-04-2025
call_transcript_128,Warm,Interested in vehicle,Curvv,530032,6 Months,Agent_12,Customer_7087,"Price, Mileage",9365962281,OPTY20124,2025-09-30T05:42:16.534310,Tata_Leads,Yes,Yes,Yes,Yes,No,FALSE,BU1,02 Open Green Form,2025-10-08T05:42:16.534310,Poor,Follow-up,PV,1997434,50,Personal,facebook,dealer,PV,30-09-2025,,,,,
call_transcript_129,Warm,Interested in vehicle,Tigor,548441,6 Months,Agent_10,Customer_6699,"Price, Mileage",9110887845,OPTY20125,2025-01-11T05:42:16.534310,Tata_Leads,Yes,Yes,No,Yes,Yes,FALSE,BU4,02 Open Green Form,2025-01-28T05:42:16.534310,Good,Test Drive,PV,2456045,119,Personal,dealer,dealer,PV,11-01-2025,,,,,
call_transcript_130,Warm,Interested in vehicle,Tiago EV,329595,6 Months,Agent_6,Customer_3752,"Price, Mileage",9602532313,OPTY20126,2024-11-19T05:42:16.534310,Tata_Leads,Yes,Yes,Yes,Yes,Yes,FALSE,BU3,Booking Done,2024-11-22T05:42:16.534310,Good,Test Drive,EV,1779728,248,Personal,facebook,dealer,EV,19-11-2024,16-12-2024,,,,
call_transcript_131,Warm,Interested in vehicle,Tiago EV,145130,1 Month,Agent_3,Customer_3460,"Price, Mileage",9788237005,OPTY20127,2025-03-23T05:42:16.534310,Tata_Leads,No,No,No,Yes,No,FALSE,BU3,Retailed,2025-03-23T05:42:16.534310,Average,Test Drive,EV,2220715,270,Personal,facebook,dealer,EV,23-03-2025,12-04-2025,,24-04-2025,,24-04-2025
call_transcript_132,Cold,Interested in vehicle,Tiago EV,415821,3 Months,Agent_8,Customer_8389,"Price, Mileage",9319207603,OPTY20128,2025-03-02T05:42:16.534310,Tata_Leads,No,Yes,Yes,No,No,FALSE,BU1,Retailed,2025-03-03T05:42:16.534310,Average,Test Drive,EV,807404,258,Personal,facebook,dealer,EV,02-03-2025,21-03-2025,,25-04-2025,,25-04-2025
call_transcript_133,Warm,Interested in vehicle,Altroz,333112,Immediate,Agent_4,Customer_9785,"Price, Mileage",9373757010,OPTY20129,2025-03-01T05:42:16.534310,Tata_Leads,Yes,Yes,No,Yes,No,FALSE,BU1,None,2025-03-20T05:42:16.534310,Poor,Follow-up,PV,3362955,145,Personal,dealer,dealer,PV,01-03-2025,,,,,
call_transcript_134,Hot,Interested in vehicle,Nexon EV,166911,Immediate,Agent_9,Customer_8244,"Price, Mileage",9735316578,OPTY20130,2025-02-06T05:42:16.534310,Tata_Leads,No,No,Yes,Yes,No,TRUE,BU2,Retailed,2025-03-02T05:42:16.534310,Good,Test Drive,EV,3465631,148,Personal,facebook,dealer,EV,06-02-2025,07-03-2025,,17-03-2025,,17-03-2025
call_transcript_135,Warm,Interested in vehicle,Punch,427779,1 Month,Agent_11,Customer_5928,"Price, Mileage",9270499477,OPTY20131,2025-08-15T05:42:16.534310,Tata_Leads,Yes,Yes,Yes,No,Yes,FALSE,BU2,02 Open Green Form,2025-08-26T05:42:16.534310,Average,Follow-up,PV,3480470,91,Personal,facebook,dealer,PV,15-08-2025,,,,,
call_transcript_136,Hot,Interested in vehicle,Safari,344531,6 Months,Agent_11,Customer_9534,"Price, Mileage",9403167084,OPTY20132,2025-07-07T05:42:16.534310,Tata_Leads,Yes,Yes,No,Yes,No,TRUE,BU1,Retailed,2025-07-31T05:42:16.534310,Good,Quotation,PV,3128098,259,Personal,dealer,dealer,PV,07-07-2025,23-07-2025,,07-08-2025,,07-08-2025
call_transcript_137,Cold,Interested in vehicle,Altroz,302668,1 Month,Agent_8,Customer_7623,"Price, Mileage",9637323200,OPTY20133,2025-10-30T05:42:16.534310,Tata_Leads,Yes,No,No,No,No,TRUE,BU4,02 Open Green Form,2025-11-28T05:42:16.534310,Good,Quotation,PV,2293298,59,Personal,facebook,dealer,PV,30-10-2025,,,,,
call_transcript_138,Warm,Interested in vehicle,Tiago,298654,Immediate,Agent_7,Customer_5769,"Price, Mileage",9845668219,OPTY20134,2025-02-12T05:42:16.534310,Tata_Leads,Yes,Yes,Yes,Yes,Yes,FALSE,BU3,None,2025-02-12T05:42:16.534310,Good,Test Drive,PV,737623,297,Personal,walkin,dealer,PV,12-02-2025,,,,,
call_transcript_139,Cold,Interested in vehicle,Curvv,390924,1 Month,Agent_10,Customer_8043,"Price, Mileage",9175420175,OPTY20135,2024-12-19T05:42:16.534310,Tata_Leads,Yes,Yes,No,Yes,Yes,FALSE,BU3,None,2025-01-13T05:42:16.534310,Good,Quotation,PV,2771236,283,Personal,dealer,dealer,PV,19-12-2024,,,,,
call_transcript_140,Warm,Interested in vehicle,Nexon EV,206059,1 Month,Agent_12,Customer_2707,"Price, Mileage",9148579824,OPTY20136,2025-12-08T05:42:16.534310,Tata_Leads,No,Yes,No,No,No,FALSE,BU1,Booking Done,2026-01-04T05:42:16.534310,Average,Quotation,EV,1833952,234,Personal,facebook,dealer,EV,08-12-2025,21-12-2025,,,,
call_transcript_141,Hot,Interested in vehicle,Harrier,547859,Immediate,Agent_10,Customer_6651,"Price, Mileage",9916742303,OPTY20137,2025-01-04T05:42:16.534310,Tata_Leads,Yes,Yes,No,Yes,No,FALSE,BU2,Booking Done,2025-01-22T05:42:16.534310,Poor,Follow-up,PV,883713,253,Personal,dealer,dealer,PV,04-01-2025,31-01-2025,,,,
call_transcript_142,Hot,Interested in vehicle,Safari,186436,Immediate,Agent_1,Customer_4496,"Price, Mileage",9307568392,OPTY20138,2025-07-10T05:42:16.534310,Tata_Leads,Yes,Yes,No,No,Yes,FALSE,BU3,Retailed,2025-07-26T05:42:16.534310,Average,Quotation,PV,1153848,145,Personal,google,dealer,PV,10-07-2025,31-07-2025,,24-08-2025,,24-08-2025
call_transcript_143,Warm,Interested in vehicle,Tiago,483019,3 Months,Agent_5,Customer_5916,"Price, Mileage",9113706273,OPTY20139,2025-05-23T05:42:16.534310,Tata_Leads,Yes,No,Yes,Yes,No,TRUE,BU2,02 Open Green Form,2025-06-12T05:42:16.534310,Average,Follow-up,PV,2394327,135,Personal,google,dealer,PV,23-05-2025,,,,,
call_transcript_144,Hot,Interested in vehicle,Tigor EV,183992,1 Month,Agent_11,Customer_7574,"Price, Mileage",9673348865,OPTY20140,2025-11-18T05:42:16.534310,Tata_Leads,Yes,Yes,Yes,Yes,Yes,TRUE,BU1,Booking Done,2025-12-06T05:42:16.534310,Average,Quotation,EV,2809803,248,Personal,dealer,dealer,EV,18-11-2025,09-12-2025,,,,
call_transcript_145,Hot,Interested in vehicle,Curvv,236265,6 Months,Agent_10,Customer_7498,"Price, Mileage",9986724319,OPTY20141,2025-03-16T05:42:16.534310,Tata_Leads,Yes,Yes,Yes,No,Yes,FALSE,BU1,02 Open Green Form,2025-04-14T05:42:16.534310,Poor,Quotation,PV,3099980,200,Personal,walkin,dealer,PV,16-03-2025,,,,,
call_transcript_146,Warm,Interested in vehicle,Nexon,472743,1 Month,Agent_5,Customer_4731,"Price, Mileage",9842593794,OPTY20142,2025-07-19T05:42:16.534310,Tata_Leads,No,No,No,Yes,Yes,FALSE,BU4,Retailed,2025-08-07T05:42:16.534310,Poor,Test Drive,PV,866340,173,Personal,walkin,dealer,PV,19-07-2025,27-07-2025,,05-09-2025,,05-09-2025
call_transcript_147,Warm,Interested in vehicle,Harrier,448511,3 Months,Agent_6,Customer_3255,"Price, Mileage",9801007423,OPTY20143,2025-03-07T05:42:16.534310,Tata_Leads,No,No,No,Yes,No,TRUE,BU4,02 Open Green Form,2025-03-23T05:42:16.534310,Average,Quotation,PV,2099272,226,Personal,dealer,dealer,PV,07-03-2025,,,,,
call_transcript_148,Cold,Interested in vehicle,Safari,389011,6 Months,Agent_10,Customer_7687,"Price, Mileage",9432984755,OPTY20144,2025-09-19T05:42:16.534310,Tata_Leads,Yes,Yes,Yes,Yes,Yes,FALSE,BU3,02 Open Green Form,2025-09-19T05:42:16.534310,Average,Quotation,PV,1103887,117,Personal,walkin,dealer,PV,19-09-2025,,,,,
call_transcript_149,Warm,Interested in vehicle,Safari,457656,3 Months,Agent_1,Customer_7715,"Price, Mileage",9151989895,OPTY20145,2024-11-16T05:42:16.534310,Tata_Leads,Yes,No,Yes,Yes,No,TRUE,BU1,Booking Done,2024-11-21T05:42:16.534310,Good,Quotation,PV,728068,244,Personal,google,dealer,PV,16-11-2024,06-12-2024,,,,
call_transcript_150,Cold,Interested in vehicle,Nexon,368715,3 Months,Agent_2,Customer_8772,"Price, Mileage",9197287358,OPTY20146,2025-09-02T05:42:16.534310,Tata_Leads,Yes,No,No,No,No,TRUE,BU3,Booking Done,2025-09-26T05:42:16.534310,Average,Test Drive,PV,1762778,155,Personal,walkin,dealer,PV,02-09-2025,19-09-2025,,,,
call_transcript_151,Hot,Interested in vehicle,Tiago EV,188879,6 Months,Agent_11,Customer_9151,"Price, Mileage",9309834837,OPTY20147,2025-08-08T05:42:16.534310,Tata_Leads,No,Yes,No,Yes,Yes,FALSE,BU4,Retailed,2025-09-06T05:42:16.534310,Average,Follow-up,EV,935242,74,Personal,walkin,dealer,EV,08-08-2025,07-09-2025,,08-09-2025,,08-09-2025
call_transcript_152,Hot,Interested in vehicle,Tiago EV,394688,Immediate,Agent_6,Customer_9199,"Price, Mileage",9622105314,OPTY20148,2025-07-26T05:42:16.534310,Tata_Leads,No,Yes,Yes,Yes,No,FALSE,BU3,Retailed,2025-08-03T05:42:16.534310,Poor,Follow-up,EV,907869,244,Personal,facebook,dealer,EV,26-07-2025,16-08-2025,,02-09-2025,,02-09-2025
call_transcript_153,Warm,Interested in vehicle,Tiago EV,147240,1 Month,Agent_7,Customer_2862,"Price, Mileage",9373665715,OPTY20149,2025-07-14T05:42:16.534310,Tata_Leads,No,Yes,Yes,No,No,FALSE,BU1,02 Open Green Form,2025-08-04T05:42:16.534310,Good,Follow-up,EV,3092071,44,Personal,facebook,dealer,EV,14-07-2025,,,,,
call_transcript_154,Hot,Interested in vehicle,Nexon EV,427974,Immediate,Agent_6,Customer_6536,"Price, Mileage",9612189228,OPTY20150,2025-11-11T05:42:16.534310,Tata_Leads,No,Yes,No,No,Yes,TRUE,BU1,02 Open Green Form,2025-11-20T05:42:16.534310,Poor,Quotation,EV,2790338,91,Personal,google,dealer,EV,11-11-2025,,,,,
call_transcript_155,Cold,Interested in vehicle,Nexon,270973,6 Months,Agent_9,Customer_2245,"Price, Mileage",9706158483,OPTY20151,2024-12-01T05:42:16.534310,Tata_Leads,Yes,Yes,No,No,Yes,FALSE,BU4,Booking Done,2024-12-24T05:42:16.534310,Average,Follow-up,PV,3200987,134,Personal,dealer,dealer,PV,01-12-2024,15-12-2024,,,,
call_transcript_156,Hot,Interested in vehicle,Tiago EV,438579,3 Months,Agent_5,Customer_9618,"Price, Mileage",9814721980,OPTY20152,2024-12-21T05:42:16.534310,Tata_Leads,Yes,Yes,No,Yes,Yes,FALSE,BU3,02 Open Green Form,2025-01-10T05:42:16.534310,Good,Quotation,EV,762102,132,Personal,facebook,dealer,EV,21-12-2024,,,,,
call_transcript_157,Warm,Interested in vehicle,Tiago EV,356856,3 Months,Agent_11,Customer_8467,"Price, Mileage",9726326253,OPTY20153,2024-11-16T05:42:16.534310,Tata_Leads,No,No,Yes,Yes,Yes,TRUE,BU1,02 Open Green Form,2024-12-01T05:42:16.534310,Good,Follow-up,EV,1085853,279,Personal,google,dealer,EV,16-11-2024,,,,,
call_transcript_158,Hot,Interested in vehicle,Tiago EV,466628,3 Months,Agent_2,Customer_1889,"Price, Mileage",9777049483,OPTY20154,2025-01-23T05:42:16.534310,Tata_Leads,No,Yes,No,Yes,No,FALSE,BU3,02 Open Green Form,2025-01-26T05:42:16.534310,Average,Quotation,EV,1216003,123,Personal,google,dealer,EV,23-01-2025,,,,,
call_transcript_159,Hot,Interested in vehicle,Nexon EV,227159,1 Month,Agent_1,Customer_3110,"Price, Mileage",9344698492,OPTY20155,2025-02-22T05:42:16.534310,Tata_Leads,No,No,No,No,No,TRUE,BU3,Retailed,2025-02-22T05:42:16.534310,Average,Quotation,EV,1443126,63,Personal,walkin,dealer,EV,22-02-2025,18-03-2025,,07-04-2025,,07-04-2025
call_transcript_160,Warm,Interested in vehicle,Tigor EV,212751,6 Months,Agent_5,Customer_5786,"Price, Mileage",9971346977,OPTY20156,2024-12-04T05:42:16.534310,Tata_Leads,No,No,No,Yes,Yes,FALSE,BU1,Booking Done,2024-12-06T05:42:16.534310,Poor,Quotation,EV,2932973,80,Personal,google,dealer,EV,04-12-2024,13-12-2024,,,,
call_transcript_161,Cold,Interested in vehicle,Harrier,549779,1 Month,Agent_10,Customer_3764,"Price, Mileage",9837469801,OPTY20157,2025-05-26T05:42:16.534310,Tata_Leads,Yes,No,No,No,No,TRUE,BU4,Retailed,2025-06-18T05:42:16.534310,Average,Follow-up,PV,797683,183,Personal,walkin,dealer,PV,26-05-2025,15-06-2025,,29-06-2025,,29-06-2025
call_transcript_162,Hot,Interested in vehicle,Tiago EV,530860,3 Months,Agent_3,Customer_7253,"Price, Mileage",9563750047,OPTY20158,2025-04-12T05:42:16.534310,Tata_Leads,Yes,No,No,Yes,Yes,TRUE,BU4,02 Open Green Form,2025-04-16T05:42:16.534310,Poor,Follow-up,EV,3288520,268,Personal,dealer,dealer,EV,12-04-2025,,,,,
call_transcript_163,Hot,Interested in vehicle,Tigor EV,292585,6 Months,Agent_8,Customer_2691,"Price, Mileage",9456594191,OPTY20159,2025-04-02T05:42:16.534310,Tata_Leads,Yes,Yes,Yes,No,No,FALSE,BU4,02 Open Green Form,2025-04-07T05:42:16.534310,Good,Test Drive,EV,2306518,272,Personal,facebook,dealer,EV,02-04-2025,,,,,
call_transcript_164,Cold,Interested in vehicle,Punch,379107,3 Months,Agent_2,Customer_5012,"Price, Mileage",9739213232,OPTY20160,2024-12-10T05:42:16.534310,Tata_Leads,No,No,No,No,Yes,FALSE,BU1,02 Open Green Form,2025-01-06T05:42:16.534310,Good,Follow-up,PV,1220315,65,Personal,walkin,dealer,PV,10-12-2024,,,,,
call_transcript_165,Cold,Interested in vehicle,Tigor EV,334936,6 Months,Agent_3,Customer_6769,"Price, Mileage",9326016043,OPTY20161,2025-06-15T05:42:16.534310,Tata_Leads,Yes,No,Yes,Yes,No,TRUE,BU2,Retailed,2025-07-07T05:42:16.534310,Good,Follow-up,EV,1281172,251,Personal,walkin,dealer,EV,15-06-2025,25-06-2025,,21-07-2025,,21-07-2025
call_transcript_166,Hot,Interested in vehicle,Tigor EV,422713,Immediate,Agent_11,Customer_2709,"Price, Mileage",9857421619,OPTY20162,2025-09-21T05:42:16.534310,Tata_Leads,Yes,No,Yes,No,Yes,FALSE,BU2,02 Open Green Form,2025-09-25T05:42:16.534310,Average,Quotation,EV,2629962,146,Personal,walkin,dealer,EV,21-09-2025,,,,,
call_transcript_167,Cold,Interested in vehicle,Safari,327337,3 Months,Agent_3,Customer_4306,"Price, Mileage",9728718908,OPTY20163,2025-03-19T05:42:16.534310,Tata_Leads,No,Yes,No,No,Yes,TRUE,BU2,Retailed,2025-04-16T05:42:16.534310,Poor,Follow-up,PV,1412109,69,Personal,facebook,dealer,PV,19-03-2025,08-04-2025,,25-04-2025,,25-04-2025
call_transcript_168,Hot,Interested in vehicle,Tiago EV,355199,6 Months,Agent_2,Customer_2895,"Price, Mileage",9369305440,OPTY20164,2025-01-01T05:42:16.534310,Tata_Leads,Yes,No,Yes,No,Yes,TRUE,BU4,None,2025-01-30T05:42:16.534310,Average,Quotation,EV,3283875,263,Personal,walkin,dealer,EV,01-01-2025,,,,,
call_transcript_169,Cold,Interested in vehicle,Tiago EV,496645,1 Month,Agent_4,Customer_6118,"Price, Mileage",9712131227,OPTY20165,2025-06-23T05:42:16.534310,Tata_Leads,Yes,No,No,Yes,Yes,TRUE,BU1,Booking Done,2025-07-21T05:42:16.534310,Poor,Test Drive,EV,2091145,35,Personal,facebook,dealer,EV,23-06-2025,12-07-2025,,,,
call_transcript_170,Hot,Interested in vehicle,Tigor,269483,6 Months,Agent_10,Customer_9176,"Price, Mileage",9449790524,OPTY20166,2025-09-07T05:42:16.534310,Tata_Leads,Yes,Yes,Yes,No,Yes,TRUE,BU4,Retailed,2025-10-04T05:42:16.534310,Average,Test Drive,PV,853347,244,Personal,google,dealer,PV,07-09-2025,03-10-2025,,23-10-2025,,23-10-2025
call_transcript_171,Hot,Interested in vehicle,Nexon EV,255504,6 Months,Agent_6,Customer_7807,"Price, Mileage",9895165029,OPTY20167,2025-03-12T05:42:16.534310,Tata_Leads,No,No,Yes,Yes,No,TRUE,BU4,02 Open Green Form,2025-03-18T05:42:16.534310,Poor,Test Drive,EV,1450820,93,Personal,facebook,dealer,EV,12-03-2025,,,,,
call_transcript_172,Cold,Interested in vehicle,Tiago EV,348622,1 Month,Agent_12,Customer_3496,"Price, Mileage",9226946113,OPTY20168,2025-08-03T05:42:16.534310,Tata_Leads,No,Yes,No,No,No,TRUE,BU1,Booking Done,2025-08-03T05:42:16.534310,Average,Follow-up,EV,1845571,115,Personal,google,dealer,EV,03-08-2025,11-08-2025,,,,
call_transcript_173,Cold,Interested in vehicle,Tiago EV,296058,Immediate,Agent_12,Customer_7849,"Price, Mileage",9623051503,OPTY20169,2024-11-29T05:42:16.534310,Tata_Leads,No,No,No,No,Yes,TRUE,BU4,None,2024-12-27T05:42:16.534310,Average,Follow-up,EV,2779203,49,Personal,facebook,dealer,EV,29-11-2024,,,,,
call_transcript_174,Cold,Interested in vehicle,Tigor EV,430503,Immediate,Agent_9,Customer_3209,"Price, Mileage",9303349885,OPTY20170,2025-11-17T05:42:16.534310,Tata_Leads,No,No,Yes,No,Yes,FALSE,BU1,02 Open Green Form,2025-11-24T05:42:16.534310,Poor,Test Drive,EV,2205808,74,Personal,walkin,dealer,EV,17-11-2025,,,,,
call_transcript_175,Cold,Interested in vehicle,Tiago,540951,Immediate,Agent_2,Customer_3683,"Price, Mileage",9149406136,OPTY20171,2025-09-29T05:42:16.534310,Tata_Leads,No,No,Yes,Yes,Yes,TRUE,BU2,Booking Done,2025-10-11T05:42:16.534310,Good,Test Drive,PV,1493304,272,Personal,walkin,dealer,PV,29-09-2025,20-10-2025,,,,
call_transcript_176,Warm,Interested in vehicle,Nexon EV,394865,3 Months,Agent_1,Customer_2556,"Price, Mileage",9984923390,OPTY20172,2025-09-30T05:42:16.534310,Tata_Leads,No,Yes,No,Yes,No,TRUE,BU2,Booking Done,2025-10-03T05:42:16.534310,Average,Quotation,EV,2199535,296,Personal,google,dealer,EV,30-09-2025,26-10-2025,,,,
call_transcript_177,Hot,Interested in vehicle,Nexon EV,226745,1 Month,Agent_8,Customer_3231,"Price, Mileage",9754584524,OPTY20173,2024-12-06T05:42:16.534310,Tata_Leads,No,No,No,Yes,Yes,TRUE,BU4,Booking Done,2024-12-06T05:42:16.534310,Average,Test Drive,EV,2512160,262,Personal,walkin,dealer,EV,06-12-2024,23-12-2024,,,,
call_transcript_178,Hot,Interested in vehicle,Tigor EV,231985,1 Month,Agent_4,Customer_4150,"Price, Mileage",9544164436,OPTY20174,2025-08-17T05:42:16.534310,Tata_Leads,Yes,No,Yes,Yes,Yes,FALSE,BU4,Booking Done,2025-09-10T05:42:16.534310,Poor,Quotation,EV,1829510,78,Personal,google,dealer,EV,17-08-2025,06-09-2025,,,,
call_transcript_179,Hot,Interested in vehicle,Nexon EV,225439,1 Month,Agent_10,Customer_1334,"Price, Mileage",9684273145,OPTY20175,2025-10-15T05:42:16.534310,Tata_Leads,No,Yes,No,No,No,FALSE,BU4,Booking Done,2025-11-08T05:42:16.534310,Good,Quotation,EV,1118542,151,Personal,walkin,dealer,EV,15-10-2025,12-11-2025,,,,
call_transcript_180,Warm,Interested in vehicle,Tigor,440938,Immediate,Agent_11,Customer_4676,"Price, Mileage",9972090758,OPTY20176,2025-01-14T05:42:16.534310,Tata_Leads,No,Yes,Yes,No,No,FALSE,BU1,02 Open Green Form,2025-02-03T05:42:16.534310,Average,Quotation,PV,1339227,213,Personal,google,dealer,PV,14-01-2025,,,,,
call_transcript_181,Warm,Interested in vehicle,Nexon EV,409613,Immediate,Agent_7,Customer_8929,"Price, Mileage",9572354951,OPTY20177,2025-11-03T05:42:16.534310,Tata_Leads,No,Yes,Yes,No,No,TRUE,BU4,Retailed,2025-12-01T05:42:16.534310,Good,Follow-up,EV,2281186,103,Personal,walkin,dealer,EV,03-11-2025,25-11-2025,,19-12-2025,,19-12-2025
call_transcript_182,Warm,Interested in vehicle,Tiago EV,509639,Immediate,Agent_10,Customer_7049,"Price, Mileage",9354544678,OPTY20178,2025-07-06T05:42:16.534310,Tata_Leads,No,No,No,Yes,Yes,FALSE,BU2,02 Open Green Form,2025-08-03T05:42:16.534310,Poor,Follow-up,EV,2136360,180,Personal,dealer,dealer,EV,06-07-2025,,,,,
call_transcript_183,Hot,Interested in vehicle,Harrier,541556,1 Month,Agent_8,Customer_1510,"Price, Mileage",9629664174,OPTY20179,2025-06-08T05:42:16.534310,Tata_Leads,No,No,No,No,Yes,FALSE,BU1,02 Open Green Form,2025-07-01T05:42:16.534310,Average,Test Drive,PV,919040,75,Personal,facebook,dealer,PV,08-06-2025,,,,,
call_transcript_184,Cold,Interested in vehicle,Tiago EV,505921,3 Months,Agent_5,Customer_7861,"Price, Mileage",9879018435,OPTY20180,2024-12-30T05:42:16.534310,Tata_Leads,Yes,Yes,Yes,Yes,Yes,FALSE,BU1,Booking Done,2025-01-23T05:42:16.534310,Good,Quotation,EV,3494020,201,Personal,walkin,dealer,EV,30-12-2024,16-01-2025,,,,
call_transcript_185,Cold,Interested in vehicle,Tiago EV,551469,3 Months,Agent_2,Customer_8246,"Price, Mileage",9850941538,OPTY20181,2025-10-15T05:42:16.534310,Tata_Leads,No,No,Yes,No,No,TRUE,BU1,Booking Done,2025-10-23T05:42:16.534310,Poor,Test Drive,EV,2543909,116,Personal,google,dealer,EV,15-10-2025,22-10-2025,,,,
call_transcript_186,Cold,Interested in vehicle,Nexon,125915,Immediate,Agent_6,Customer_7354,"Price, Mileage",9591093092,OPTY20182,2025-07-19T05:42:16.534310,Tata_Leads,No,No,No,No,Yes,TRUE,BU2,Booking Done,2025-07-31T05:42:16.534310,Poor,Test Drive,PV,951914,287,Personal,walkin,dealer,PV,19-07-2025,18-08-2025,,,,
call_transcript_187,Hot,Interested in vehicle,Punch,392978,6 Months,Agent_1,Customer_5233,"Price, Mileage",9603154620,OPTY20183,2025-03-04T05:42:16.534310,Tata_Leads,Yes,Yes,Yes,No,No,TRUE,BU1,Booking Done,2025-03-09T05:42:16.534310,Good,Follow-up,PV,1112892,213,Personal,dealer,dealer,PV,04-03-2025,31-03-2025,,,,
call_transcript_188,Warm,Interested in vehicle,Tigor EV,418373,1 Month,Agent_5,Customer_9333,"Price, Mileage",9319252837,OPTY20184,2025-09-02T05:42:16.534310,Tata_Leads,No,Yes,Yes,No,No,FALSE,BU2,None,2025-09-10T05:42:16.534310,Average,Follow-up,EV,795258,157,Personal,google,dealer,EV,02-09-2025,,,,,
call_transcript_189,Warm,Interested in vehicle,Tiago,363876,Immediate,Agent_5,Customer_9938,"Price, Mileage",9812575295,OPTY20185,2025-08-27T05:42:16.534310,Tata_Leads,Yes,Yes,No,Yes,Yes,TRUE,BU4,Booking Done,2025-09-25T05:42:16.534310,Good,Follow-up,PV,3020886,121,Personal,google,dealer,PV,27-08-2025,10-09-2025,,,,
call_transcript_190,Cold,Interested in vehicle,Harrier,282927,Immediate,Agent_9,Customer_6359,"Price, Mileage",9627294334,OPTY20186,2025-04-17T05:42:16.534310,Tata_Leads,Yes,Yes,Yes,No,No,FALSE,BU3,Booking Done,2025-04-25T05:42:16.534310,Average,Follow-up,PV,1650560,217,Personal,dealer,dealer,PV,17-04-2025,07-05-2025,,,,
call_transcript_191,Cold,Interested in vehicle,Punch,224191,1 Month,Agent_12,Customer_2275,"Price, Mileage",9865796176,OPTY20187,2025-12-12T05:42:16.534310,Tata_Leads,No,No,Yes,Yes,Yes,TRUE,BU1,Retailed,2026-01-06T05:42:16.534310,Average,Quotation,PV,1474273,248,Personal,walkin,dealer,PV,12-12-2025,27-12-2025,,12-01-2026,,12-01-2026
call_transcript_192,Hot,Interested in vehicle,Tiago EV,481288,1 Month,Agent_5,Customer_7357,"Price, Mileage",9486675003,OPTY20188,2025-08-03T05:42:16.534310,Tata_Leads,No,No,No,Yes,Yes,FALSE,BU1,02 Open Green Form,2025-08-10T05:42:16.534310,Average,Quotation,EV,3136411,53,Personal,google,dealer,EV,03-08-2025,,,,,
call_transcript_193,Cold,Interested in vehicle,Punch,471337,Immediate,Agent_11,Customer_7502,"Price, Mileage",9389913317,OPTY20189,2025-05-02T05:42:16.534310,Tata_Leads,Yes,No,No,No,Yes,TRUE,BU2,Retailed,2025-05-18T05:42:16.534310,Average,Follow-up,PV,3389904,207,Personal,google,dealer,PV,02-05-2025,15-05-2025,,19-06-2025,,19-06-2025
call_transcript_194,Warm,Interested in vehicle,Tigor EV,559638,Immediate,Agent_4,Customer_5295,"Price, Mileage",9558689228,OPTY20190,2025-06-23T05:42:16.534310,Tata_Leads,No,Yes,Yes,Yes,No,FALSE,BU2,Booking Done,2025-07-22T05:42:16.534310,Good,Follow-up,EV,2367420,208,Personal,dealer,dealer,EV,23-06-2025,17-07-2025,,,,
call_transcript_195,Warm,Interested in vehicle,Nexon EV,420960,Immediate,Agent_3,Customer_5840,"Price, Mileage",9148796108,OPTY20191,2025-02-12T05:42:16.534310,Tata_Leads,No,Yes,Yes,Yes,Yes,TRUE,BU4,Retailed,2025-03-04T05:42:16.534310,Good,Follow-up,EV,2169061,180,Personal,walkin,dealer,EV,12-02-2025,27-02-2025,,09-04-2025,,09-04-2025
call_transcript_196,Cold,Interested in vehicle,Tigor EV,118623,3 Months,Agent_11,Customer_6428,"Price, Mileage",9218596151,OPTY20192,2024-12-30T05:42:16.534310,Tata_Leads,No,No,No,No,Yes,FALSE,BU4,None,2025-01-20T05:42:16.534310,Poor,Test Drive,EV,757596,223,Personal,facebook,dealer,EV,30-12-2024,,,,,
call_transcript_197,Hot,Interested in vehicle,Curvv,122616,1 Month,Agent_10,Customer_5994,"Price, Mileage",9581912615,OPTY20193,2025-08-30T05:42:16.534310,Tata_Leads,Yes,Yes,Yes,Yes,Yes,TRUE,BU1,02 Open Green Form,2025-09-25T05:42:16.534310,Poor,Test Drive,PV,990163,102,Personal,facebook,dealer,PV,30-08-2025,,,,,
call_transcript_198,Warm,Interested in vehicle,Curvv,249737,3 Months,Agent_7,Customer_9397,"Price, Mileage",9964271313,OPTY20194,2025-10-20T05:42:16.534310,Tata_Leads,Yes,No,Yes,No,No,TRUE,BU2,02 Open Green Form,2025-11-07T05:42:16.534310,Poor,Quotation,PV,2866179,288,Personal,google,dealer,PV,20-10-2025,,,,,
call_transcript_199,Cold,Interested in vehicle,Tiago EV,373059,6 Months,Agent_8,Customer_1313,"Price, Mileage",9674966368,OPTY20195,2025-07-05T05:42:16.534310,Tata_Leads,No,Yes,Yes,Yes,No,TRUE,BU1,Retailed,2025-07-13T05:42:16.534310,Average,Test Drive,EV,1743098,178,Personal,dealer,dealer,EV,05-07-2025,20-07-2025,,03-09-2025,,03-09-2025
call_transcript_200,Hot,Interested in vehicle,Tiago EV,266912,3 Months,Agent_8,Customer_7251,"Price, Mileage",9295887444,OPTY20196,2025-06-29T05:42:16.534310,Tata_Leads,Yes,No,Yes,No,No,TRUE,BU1,None,2025-07-28T05:42:16.534310,Good,Follow-up,EV,1382740,228,Personal,walkin,dealer,EV,29-06-2025,,,,,
call_transcript_201,Hot,Interested in vehicle,Nexon EV,126958,3 Months,Agent_12,Customer_4372,"Price, Mileage",9333954095,OPTY20197,2025-11-14T05:42:16.534310,Tata_Leads,Yes,No,No,Yes,Yes,TRUE,BU4,Retailed,2025-11-22T05:42:16.534310,Average,Follow-up,EV,3190875,185,Personal,dealer,dealer,EV,14-11-2025,21-11-2025,,08-01-2026,,08-01-2026
call_transcript_202,Hot,Interested in vehicle,Tigor,149825,Immediate,Agent_2,Customer_2341,"Price, Mileage",9471586431,OPTY20198,2024-12-11T05:42:16.534310,Tata_Leads,Yes,Yes,Yes,No,Yes,FALSE,BU1,None,2024-12-28T05:42:16.534310,Good,Quotation,PV,1779231,159,Personal,google,dealer,PV,11-12-2024,,,,,
call_transcript_203,Warm,Interested in vehicle,Nexon EV,456009,Immediate,Agent_4,Customer_5324,"Price, Mileage",9610956284,OPTY20199,2025-12-05T05:42:16.534310,Tata_Leads,Yes,No,Yes,No,Yes,TRUE,BU4,02 Open Green Form,2025-12-27T05:42:16.534310,Good,Test Drive,EV,1852503,151,Personal,walkin,dealer,EV,05-12-2025,,,,,
call_transcript_204,Cold,Interested in vehicle,Tigor,255520,Immediate,Agent_4,Customer_1789,"Price, Mileage",9380227231,OPTY20200,2024-12-07T05:42:16.534310,Tata_Leads,Yes,Yes,No,No,No,FALSE,BU3,Retailed,2025-01-01T05:42:16.534310,Poor,Quotation,PV,2520804,269,Personal,dealer,dealer,PV,07-12-2024,28-12-2024,,18-01-2025,,18-01-2025
call_transcript_205,Hot,Interested in vehicle,Tigor EV,439167,Immediate,Agent_3,Customer_4425,"Price, Mileage",9208754328,OPTY20201,2025-07-20T05:42:16.534310,Tata_Leads,Yes,Yes,No,Yes,No,FALSE,BU1,02 Open Green Form,2025-07-27T05:42:16.534310,Good,Follow-up,EV,3018531,258,Personal,dealer,dealer,EV,20-07-2025,,,,,
call_transcript_206,Warm,Interested in vehicle,Tigor EV,268351,1 Month,Agent_12,Customer_7754,"Price, Mileage",9600391909,OPTY20202,2025-11-13T05:42:16.534310,Tata_Leads,Yes,Yes,No,Yes,Yes,FALSE,BU1,Booking Done,2025-11-15T05:42:16.534310,Average,Test Drive,EV,1103965,213,Personal,walkin,dealer,EV,13-11-2025,12-12-2025,,,,
call_transcript_207,Cold,Interested in vehicle,Punch,375739,3 Months,Agent_9,Customer_3136,"Price, Mileage",9218904502,OPTY20203,2025-12-02T05:42:16.534310,Tata_Leads,No,Yes,No,No,No,FALSE,BU2,Booking Done,2025-12-26T05:42:16.534310,Average,Test Drive,PV,1408999,286,Personal,facebook,dealer,PV,02-12-2025,01-01-2026,,,,
call_transcript_208,Warm,Interested in vehicle,Curvv,189944,6 Months,Agent_12,Customer_6952,"Price, Mileage",9955967571,OPTY20204,2024-12-20T05:42:16.534310,Tata_Leads,Yes,No,No,Yes,Yes,TRUE,BU4,02 Open Green Form,2024-12-27T05:42:16.534310,Average,Quotation,PV,1087655,208,Personal,dealer,dealer,PV,20-12-2024,,,,,
call_transcript_209,Warm,Interested in vehicle,Harrier,533051,3 Months,Agent_11,Customer_7392,"Price, Mileage",9243584761,OPTY20205,2025-05-15T05:42:16.534310,Tata_Leads,No,No,No,Yes,No,TRUE,BU3,Retailed,2025-05-21T05:42:16.534310,Poor,Quotation,PV,2789844,132,Personal,facebook,dealer,PV,15-05-2025,22-05-2025,,03-07-2025,,03-07-2025
call_transcript_210,Hot,Interested in vehicle,Curvv,449927,1 Month,Agent_3,Customer_4758,"Price, Mileage",9396061861,OPTY20206,2025-03-02T05:42:16.534310,Tata_Leads,Yes,No,Yes,No,No,TRUE,BU1,Booking Done,2025-03-08T05:42:16.534310,Average,Test Drive,PV,1147115,291,Personal,dealer,dealer,PV,02-03-2025,31-03-2025,,,,
call_transcript_211,Hot,Interested in vehicle,Tiago EV,485724,Immediate,Agent_10,Customer_2712,"Price, Mileage",9440229764,OPTY20207,2025-09-12T05:42:16.534310,Tata_Leads,No,No,No,No,No,TRUE,BU4,Retailed,2025-09-20T05:42:16.534310,Average,Test Drive,EV,1373243,192,Personal,dealer,dealer,EV,12-09-2025,21-09-2025,,09-11-2025,,09-11-2025
call_transcript_212,Hot,Interested in vehicle,Tiago EV,518986,1 Month,Agent_1,Customer_3248,"Price, Mileage",9579399416,OPTY20208,2024-12-15T05:42:16.534310,Tata_Leads,No,No,No,Yes,Yes,FALSE,BU2,None,2025-01-12T05:42:16.534310,Good,Quotation,EV,1792778,134,Personal,dealer,dealer,EV,15-12-2024,,,,,
call_transcript_213,Hot,Interested in vehicle,Tiago EV,349436,Immediate,Agent_4,Customer_8861,"Price, Mileage",9678460017,OPTY20209,2025-08-06T05:42:16.534310,Tata_Leads,Yes,No,No,Yes,No,FALSE,BU3,02 Open Green Form,2025-09-03T05:42:16.534310,Good,Test Drive,EV,2042544,201,Personal,walkin,dealer,EV,06-08-2025,,,,,
call_transcript_214,Warm,Interested in vehicle,Nexon,148831,3 Months,Agent_9,Customer_3235,"Price, Mileage",9338167413,OPTY20210,2025-06-02T05:42:16.534310,Tata_Leads,No,No,No,No,Yes,FALSE,BU3,Booking Done,2025-06-20T05:42:16.534310,Good,Test Drive,PV,1550796,96,Personal,facebook,dealer,PV,02-06-2025,10-06-2025,,,,
call_transcript_215,Cold,Interested in vehicle,Tiago,407237,1 Month,Agent_8,Customer_1104,"Price, Mileage",9295818248,OPTY20211,2025-10-15T05:42:16.534310,Tata_Leads,Yes,No,No,Yes,No,TRUE,BU1,None,2025-11-07T05:42:16.534310,Good,Follow-up,PV,2618107,298,Personal,walkin,dealer,PV,15-10-2025,,,,,
call_transcript_216,Cold,Interested in vehicle,Tiago EV,471482,Immediate,Agent_5,Customer_9191,"Price, Mileage",9434820270,OPTY20212,2025-07-11T05:42:16.534310,Tata_Leads,Yes,Yes,No,Yes,No,FALSE,BU3,Booking Done,2025-08-09T05:42:16.534310,Average,Follow-up,EV,3305015,114,Personal,dealer,dealer,EV,11-07-2025,04-08-2025,,,,
call_transcript_217,Warm,Interested in vehicle,Tigor EV,209323,6 Months,Agent_9,Customer_1454,"Price, Mileage",9161430223,OPTY20213,2025-11-05T05:42:16.534310,Tata_Leads,Yes,No,Yes,Yes,No,FALSE,BU4,Retailed,2025-11-21T05:42:16.534310,Poor,Follow-up,EV,2968703,86,Personal,google,dealer,EV,05-11-2025,30-11-2025,,08-12-2025,,08-12-2025
call_transcript_218,Hot,Interested in vehicle,Tigor EV,229639,6 Months,Agent_3,Customer_9734,"Price, Mileage",9429706710,OPTY20214,2025-05-05T05:42:16.534310,Tata_Leads,Yes,Yes,Yes,No,Yes,TRUE,BU2,Retailed,2025-05-08T05:42:16.534310,Good,Follow-up,EV,2392880,239,Personal,dealer,dealer,EV,05-05-2025,20-05-2025,,13-06-2025,,13-06-2025
call_transcript_219,Warm,Interested in vehicle,Tiago EV,540184,3 Months,Agent_3,Customer_3850,"Price, Mileage",9116517296,OPTY20215,2025-10-21T05:42:16.534310,Tata_Leads,No,Yes,No,No,No,TRUE,BU3,Booking Done,2025-11-18T05:42:16.534310,Average,Quotation,EV,1750438,279,Personal,walkin,dealer,EV,21-10-2025,06-11-2025,,,,
call_transcript_220,Cold,Interested in vehicle,Tiago EV,409793,1 Month,Agent_9,Customer_6973,"Price, Mileage",9952889994,OPTY20216,2025-09-02T05:42:16.534310,Tata_Leads,No,No,Yes,Yes,No,FALSE,BU2,Retailed,2025-10-01T05:42:16.534310,Average,Follow-up,EV,3042564,147,Personal,facebook,dealer,EV,02-09-2025,14-09-2025,,14-10-2025,,14-10-2025
call_transcript_221,Cold,Interested in vehicle,Nexon,379907,Immediate,Agent_1,Customer_9524,"Price, Mileage",9331092558,OPTY20217,2024-12-20T05:42:16.534310,Tata_Leads,No,No,No,Yes,Yes,FALSE,BU1,Retailed,2024-12-22T05:42:16.534310,Good,Test Drive,PV,2245392,49,Personal,walkin,dealer,PV,20-12-2024,07-01-2025,,06-02-2025,,06-02-2025
call_transcript_222,Hot,Interested in vehicle,Nexon EV,457365,3 Months,Agent_7,Customer_7168,"Price, Mileage",9137113292,OPTY20218,2025-07-10T05:42:16.534310,Tata_Leads,No,Yes,Yes,No,No,TRUE,BU4,02 Open Green Form,2025-08-08T05:42:16.534310,Average,Quotation,EV,1352394,190,Personal,google,dealer,EV,10-07-2025,,,,,
call_transcript_223,Hot,Interested in vehicle,Tiago EV,144393,6 Months,Agent_8,Customer_3064,"Price, Mileage",9483106434,OPTY20219,2025-11-07T05:42:16.534310,Tata_Leads,No,Yes,No,Yes,No,TRUE,BU3,Booking Done,2025-11-10T05:42:16.534310,Poor,Test Drive,EV,2442198,271,Personal,dealer,dealer,EV,07-11-2025,28-11-2025,,,,
call_transcript_224,Cold,Interested in vehicle,Nexon,372083,Immediate,Agent_12,Customer_5766,"Price, Mileage",9978627640,OPTY20220,2025-10-02T05:42:16.534310,Tata_Leads,Yes,No,Yes,No,Yes,TRUE,BU2,Retailed,2025-10-04T05:42:16.534310,Average,Quotation,PV,2061375,215,Personal,walkin,dealer,PV,02-10-2025,26-10-2025,,01-11-2025,,01-11-2025
call_transcript_225,Cold,Interested in vehicle,Tigor EV,392755,1 Month,Agent_5,Customer_6813,"Price, Mileage",9319846568,OPTY20221,2024-12-08T05:42:16.534310,Tata_Leads,No,Yes,Yes,Yes,Yes,TRUE,BU2,Retailed,2024-12-31T05:42:16.534310,Poor,Follow-up,EV,2905370,241,Personal,facebook,dealer,EV,08-12-2024,07-01-2025,,31-01-2025,,31-01-2025
call_transcript_226,Hot,Interested in vehicle,Punch,214689,Immediate,Agent_9,Customer_1448,"Price, Mileage",9624644025,OPTY20222,2025-01-07T05:42:16.534310,Tata_Leads,No,Yes,Yes,No,Yes,TRUE,BU1,02 Open Green Form,2025-02-03T05:42:16.534310,Poor,Quotation,PV,1870073,232,Personal,dealer,dealer,PV,07-01-2025,,,,,
call_transcript_227,Hot,Interested in vehicle,Safari,508065,Immediate,Agent_10,Customer_9848,"Price, Mileage",9910797376,OPTY20223,2025-11-05T05:42:16.534310,Tata_Leads,Yes,Yes,Yes,Yes,Yes,TRUE,BU2,02 Open Green Form,2025-11-26T05:42:16.534310,Poor,Quotation,PV,3458787,70,Personal,dealer,dealer,PV,05-11-2025,,,,,
call_transcript_228,Hot,Interested in vehicle,Nexon EV,480034,Immediate,Agent_3,Customer_9097,"Price, Mileage",9740644240,OPTY20224,2025-03-23T05:42:16.534310,Tata_Leads,No,No,No,Yes,No,TRUE,BU2,None,2025-04-11T05:42:16.534310,Average,Follow-up,EV,1519539,111,Personal,google,dealer,EV,23-03-2025,,,,,
call_transcript_229,Hot,Interested in vehicle,Tiago,400636,3 Months,Agent_11,Customer_5559,"Price, Mileage",9597315560,OPTY20225,2025-06-09T05:42:16.534310,Tata_Leads,No,No,Yes,Yes,Yes,TRUE,BU1,Retailed,2025-06-19T05:42:16.534310,Average,Test Drive,PV,1704471,165,Personal,dealer,dealer,PV,09-06-2025,23-06-2025,,08-08-2025,,08-08-2025
call_transcript_230,Cold,Interested in vehicle,Tigor,518151,Immediate,Agent_6,Customer_9948,"Price, Mileage",9191297628,OPTY20226,2025-05-11T05:42:16.534310,Tata_Leads,No,No,No,No,No,FALSE,BU2,Retailed,2025-06-02T05:42:16.534310,Average,Quotation,PV,2634222,151,Personal,facebook,dealer,PV,11-05-2025,02-06-2025,,16-06-2025,,16-06-2025
call_transcript_231,Warm,Interested in vehicle,Tigor EV,220534,1 Month,Agent_12,Customer_5285,"Price, Mileage",9211282471,OPTY20227,2025-07-08T05:42:16.534310,Tata_Leads,No,No,No,No,Yes,TRUE,BU2,02 Open Green Form,2025-07-09T05:42:16.534310,Average,Follow-up,EV,2495090,264,Personal,walkin,dealer,EV,08-07-2025,,,,,
call_transcript_232,Warm,Interested in vehicle,Tigor,491155,Immediate,Agent_11,Customer_7863,"Price, Mileage",9968501350,OPTY20228,2025-12-16T05:42:16.534310,Tata_Leads,No,No,No,No,No,FALSE,BU1,Retailed,2026-01-07T05:42:16.534310,Poor,Test Drive,PV,2600138,292,Personal,google,dealer,PV,16-12-2025,07-01-2026,,15-01-2026,,15-01-2026
call_transcript_233,Cold,Interested in vehicle,Tiago EV,160294,Immediate,Agent_3,Customer_1137,"Price, Mileage",9617344111,OPTY20229,2025-05-07T05:42:16.534310,Tata_Leads,Yes,No,No,No,No,TRUE,BU3,Retailed,2025-05-27T05:42:16.534310,Good,Test Drive,EV,2675972,129,Personal,walkin,dealer,EV,07-05-2025,04-06-2025,,19-06-2025,,19-06-2025
call_transcript_234,Warm,Interested in vehicle,Nexon EV,236906,3 Months,Agent_3,Customer_3494,"Price, Mileage",9573037336,OPTY20230,2025-06-18T05:42:16.534310,Tata_Leads,No,Yes,No,No,No,TRUE,BU3,02 Open Green Form,2025-06-25T05:42:16.534310,Good,Test Drive,EV,1499699,112,Personal,google,dealer,EV,18-06-2025,,,,,
call_transcript_235,Hot,Interested in vehicle,Tigor EV,405132,Immediate,Agent_7,Customer_9357,"Price, Mileage",9651414446,OPTY20231,2025-05-28T05:42:16.534310,Tata_Leads,Yes,No,Yes,Yes,No,FALSE,BU2,Booking Done,2025-06-13T05:42:16.534310,Average,Test Drive,EV,1041654,85,Personal,dealer,dealer,EV,28-05-2025,05-06-2025,,,,
call_transcript_236,Cold,Interested in vehicle,Nexon EV,132033,6 Months,Agent_3,Customer_9456,"Price, Mileage",9373826029,OPTY20232,2025-02-11T05:42:16.534310,Tata_Leads,No,No,No,No,Yes,FALSE,BU4,Booking Done,2025-02-24T05:42:16.534310,Good,Test Drive,EV,1803443,217,Personal,facebook,dealer,EV,11-02-2025,06-03-2025,,,,
call_transcript_237,Cold,Interested in vehicle,Punch,192249,Immediate,Agent_9,Customer_1761,"Price, Mileage",9574731030,OPTY20233,2025-04-15T05:42:16.534310,Tata_Leads,No,Yes,Yes,No,No,TRUE,BU4,Booking Done,2025-05-01T05:42:16.534310,Average,Test Drive,PV,1909199,273,Personal,facebook,dealer,PV,15-04-2025,10-05-2025,,,,
call_transcript_238,Warm,Interested in vehicle,Tiago EV,556402,Immediate,Agent_10,Customer_7798,"Price, Mileage",9723434405,OPTY20234,2025-02-07T05:42:16.534310,Tata_Leads,No,No,No,No,Yes,TRUE,BU1,Booking Done,2025-02-19T05:42:16.534310,Good,Quotation,EV,2967543,237,Personal,dealer,dealer,EV,07-02-2025,25-02-2025,,,,
call_transcript_239,Hot,Interested in vehicle,Nexon EV,553374,Immediate,Agent_7,Customer_1214,"Price, Mileage",9919407916,OPTY20235,2024-11-30T05:42:16.534310,Tata_Leads,Yes,Yes,No,No,Yes,FALSE,BU3,02 Open Green Form,2024-12-16T05:42:16.534310,Average,Follow-up,EV,3246094,62,Personal,google,dealer,EV,30-11-2024,,,,,
call_transcript_240,Warm,Interested in vehicle,Tigor,552456,3 Months,Agent_5,Customer_4406,"Price, Mileage",9753804318,OPTY20236,2025-05-22T05:42:16.534310,Tata_Leads,Yes,Yes,Yes,Yes,Yes,FALSE,BU1,Booking Done,2025-06-20T05:42:16.534310,Poor,Quotation,PV,707937,57,Personal,facebook,dealer,PV,22-05-2025,18-06-2025,,,,
call_transcript_241,Cold,Interested in vehicle,Tigor EV,475256,6 Months,Agent_6,Customer_6955,"Price, Mileage",9947468424,OPTY20237,2024-12-29T05:42:16.534310,Tata_Leads,Yes,Yes,No,No,No,TRUE,BU4,Booking Done,2025-01-08T05:42:16.534310,Poor,Quotation,EV,1249272,174,Personal,facebook,dealer,EV,29-12-2024,19-01-2025,,,,
call_transcript_242,Cold,Interested in vehicle,Safari,156071,3 Months,Agent_7,Customer_1419,"Price, Mileage",9665194799,OPTY20238,2025-12-06T05:42:16.534310,Tata_Leads,Yes,Yes,Yes,No,No,TRUE,BU2,Retailed,2025-12-24T05:42:16.534310,Average,Quotation,PV,1326514,258,Personal,google,dealer,PV,06-12-2025,22-12-2025,,02-02-2026,,02-02-2026
call_transcript_243,Cold,Interested in vehicle,Tigor EV,193539,Immediate,Agent_8,Customer_6091,"Price, Mileage",9965700491,OPTY20239,2024-11-13T05:42:16.534310,Tata_Leads,Yes,No,No,No,No,TRUE,BU4,Retailed,2024-11-28T05:42:16.534310,Good,Follow-up,EV,2963643,192,Personal,dealer,dealer,EV,13-11-2024,03-12-2024,,24-12-2024,,24-12-2024
call_transcript_244,Hot,Interested in vehicle,Tiago,175559,1 Month,Agent_6,Customer_5473,"Price, Mileage",9125940039,OPTY20240,2025-03-19T05:42:16.534310,Tata_Leads,Yes,Yes,No,No,No,FALSE,BU1,Retailed,2025-04-11T05:42:16.534310,Good,Test Drive,PV,2927470,154,Personal,dealer,dealer,PV,19-03-2025,11-04-2025,,12-05-2025,,12-05-2025
call_transcript_245,Warm,Interested in vehicle,Nexon EV,339838,Immediate,Agent_3,Customer_4457,"Price, Mileage",9621823704,OPTY20241,2025-10-09T05:42:16.534310,Tata_Leads,Yes,Yes,No,Yes,Yes,FALSE,BU4,None,2025-10-13T05:42:16.534310,Average,Quotation,EV,2479093,177,Personal,google,dealer,EV,09-10-2025,,,,,
call_transcript_246,Warm,Interested in vehicle,Nexon EV,270081,3 Months,Agent_5,Customer_7388,"Price, Mileage",9755688589,OPTY20242,2025-03-11T05:42:16.534310,Tata_Leads,Yes,No,No,No,No,TRUE,BU1,Booking Done,2025-03-14T05:42:16.534310,Good,Test Drive,EV,1925226,206,Personal,facebook,dealer,EV,11-03-2025,03-04-2025,,,,
call_transcript_247,Cold,Interested in vehicle,Tigor EV,509387,Immediate,Agent_10,Customer_1618,"Price, Mileage",9835314304,OPTY20243,2024-12-31T05:42:16.534310,Tata_Leads,No,No,No,No,Yes,FALSE,BU3,02 Open Green Form,2025-01-20T05:42:16.534310,Good,Quotation,EV,1048258,106,Personal,walkin,dealer,EV,31-12-2024,,,,,
call_transcript_248,Hot,Interested in vehicle,Tiago EV,522598,Immediate,Agent_8,Customer_8388,"Price, Mileage",9437818293,OPTY20244,2025-03-28T05:42:16.534310,Tata_Leads,Yes,No,Yes,No,Yes,FALSE,BU2,02 Open Green Form,2025-03-29T05:42:16.534310,Average,Test Drive,EV,2034878,74,Personal,walkin,dealer,EV,28-03-2025,,,,,
call_transcript_249,Warm,Interested in vehicle,Tiago,428784,Immediate,Agent_7,Customer_8727,"Price, Mileage",9606556220,OPTY20245,2024-12-08T05:42:16.534310,Tata_Leads,Yes,Yes,Yes,No,Yes,TRUE,BU2,None,2024-12-16T05:42:16.534310,Poor,Test Drive,PV,1181101,195,Personal,walkin,dealer,PV,08-12-2024,,,,,
call_transcript_250,Warm,Interested in vehicle,Tiago EV,216378,3 Months,Agent_10,Customer_5728,"Price, Mileage",9792299770,OPTY20246,2024-11-16T05:42:16.534310,Tata_Leads,Yes,Yes,No,Yes,Yes,FALSE,BU3,Booking Done,2024-12-01T05:42:16.534310,Average,Quotation,EV,2098116,279,Personal,google,dealer,EV,16-11-2024,28-11-2024,,,,
call_transcript_251,Warm,Interested in vehicle,Harrier,299328,1 Month,Agent_8,Customer_4962,"Price, Mileage",9118930805,OPTY20247,2025-02-24T05:42:16.534310,Tata_Leads,Yes,No,No,No,Yes,TRUE,BU4,Retailed,2025-02-25T05:42:16.534310,Good,Follow-up,PV,2663410,122,Personal,walkin,dealer,PV,24-02-2025,12-03-2025,,13-04-2025,,13-04-2025
call_transcript_252,Cold,Interested in vehicle,Nexon,183126,3 Months,Agent_10,Customer_8454,"Price, Mileage",9624266464,OPTY20248,2025-10-18T05:42:16.534310,Tata_Leads,No,No,Yes,Yes,Yes,TRUE,BU3,None,2025-10-22T05:42:16.534310,Good,Quotation,PV,840796,284,Personal,dealer,dealer,PV,18-10-2025,,,,,
call_transcript_253,Warm,Interested in vehicle,Curvv,432565,6 Months,Agent_4,Customer_7320,"Price, Mileage",9169138089,OPTY20249,2025-09-15T05:42:16.534310,Tata_Leads,Yes,Yes,Yes,Yes,No,TRUE,BU2,Booking Done,2025-09-23T05:42:16.534310,Poor,Follow-up,PV,1238852,190,Personal,dealer,dealer,PV,15-09-2025,12-10-2025,,,,
call_transcript_254,Warm,Interested in vehicle,Punch,453402,Immediate,Agent_1,Customer_6054,"Price, Mileage",9697806077,OPTY20250,2025-06-18T05:42:16.534310,Tata_Leads,Yes,No,Yes,Yes,No,TRUE,BU1,None,2025-07-08T05:42:16.534310,Poor,Quotation,PV,1571813,91,Personal,google,dealer,PV,18-06-2025,,,,,
call_transcript_255,Warm,Interested in vehicle,Punch,368836,1 Month,Agent_6,Customer_4726,"Price, Mileage",9440687108,OPTY20251,2025-02-23T05:42:16.534310,Tata_Leads,Yes,Yes,Yes,No,No,TRUE,BU2,02 Open Green Form,2025-03-22T05:42:16.534310,Good,Follow-up,PV,1775532,256,Personal,google,dealer,PV,23-02-2025,,,,,
call_transcript_256,Hot,Interested in vehicle,Tigor EV,334265,1 Month,Agent_6,Customer_6130,"Price, Mileage",9110019988,OPTY20252,2025-01-01T05:42:16.534310,Tata_Leads,Yes,Yes,Yes,Yes,Yes,TRUE,BU4,None,2025-01-31T05:42:16.534310,Average,Quotation,EV,739497,275,Personal,google,dealer,EV,01-01-2025,,,,,
call_transcript_257,Warm,Interested in vehicle,Nexon EV,162076,6 Months,Agent_2,Customer_4502,"Price, Mileage",9544306681,OPTY20253,2025-08-24T05:42:16.534310,Tata_Leads,No,Yes,No,Yes,Yes,TRUE,BU3,Booking Done,2025-08-27T05:42:16.534310,Poor,Test Drive,EV,2970958,112,Personal,google,dealer,EV,24-08-2025,23-09-2025,,,,
call_transcript_258,Warm,Interested in vehicle,Tiago EV,544982,6 Months,Agent_6,Customer_9135,"Price, Mileage",9462724679,OPTY20254,2025-06-23T05:42:16.534310,Tata_Leads,No,Yes,No,Yes,Yes,TRUE,BU1,02 Open Green Form,2025-07-14T05:42:16.534310,Average,Test Drive,EV,1461620,42,Personal,walkin,dealer,EV,23-06-2025,,,,,
call_transcript_259,Cold,Interested in vehicle,Nexon EV,335122,3 Months,Agent_12,Customer_5828,"Price, Mileage",9356446477,OPTY20255,2025-10-03T05:42:16.534310,Tata_Leads,No,No,Yes,Yes,Yes,FALSE,BU1,None,2025-10-25T05:42:16.534310,Poor,Follow-up,EV,1379752,42,Personal,dealer,dealer,EV,03-10-2025,,,,,
call_transcript_260,Warm,Interested in vehicle,Curvv,392125,6 Months,Agent_1,Customer_5499,"Price, Mileage",9722729954,OPTY20256,2025-06-26T05:42:16.534310,Tata_Leads,No,Yes,No,No,Yes,TRUE,BU1,None,2025-06-28T05:42:16.534310,Poor,Test Drive,PV,3490408,235,Personal,dealer,dealer,PV,26-06-2025,,,,,
call_transcript_261,Warm,Interested in vehicle,Tigor EV,418687,1 Month,Agent_5,Customer_5627,"Price, Mileage",9413367909,OPTY20257,2025-01-07T05:42:16.534310,Tata_Leads,No,Yes,No,No,Yes,TRUE,BU1,02 Open Green Form,2025-01-31T05:42:16.534310,Poor,Quotation,EV,2336926,283,Personal,google,dealer,EV,07-01-2025,,,,,
call_transcript_262,Hot,Interested in vehicle,Tiago EV,525584,1 Month,Agent_1,Customer_4487,"Price, Mileage",9201758074,OPTY20258,2025-09-30T05:42:16.534310,Tata_Leads,No,Yes,No,No,Yes,FALSE,BU1,Booking Done,2025-10-06T05:42:16.534310,Average,Quotation,EV,2122392,298,Personal,google,dealer,EV,30-09-2025,20-10-2025,,,,
call_transcript_263,Warm,Interested in vehicle,Altroz,477780,6 Months,Agent_7,Customer_4989,"Price, Mileage",9649335503,OPTY20259,2025-03-29T05:42:16.534310,Tata_Leads,Yes,No,No,Yes,Yes,FALSE,BU1,02 Open Green Form,2025-04-26T05:42:16.534310,Poor,Quotation,PV,1297899,67,Personal,google,dealer,PV,29-03-2025,,,,,
call_transcript_264,Cold,Interested in vehicle,Punch,164126,Immediate,Agent_6,Customer_7295,"Price, Mileage",9483011938,OPTY20260,2025-10-08T05:42:16.534310,Tata_Leads,No,Yes,Yes,No,No,TRUE,BU2,Retailed,2025-10-17T05:42:16.534310,Good,Follow-up,PV,2422841,158,Personal,google,dealer,PV,08-10-2025,25-10-2025,,28-11-2025,,28-11-2025
call_transcript_265,Cold,Interested in vehicle,Tiago EV,508482,1 Month,Agent_8,Customer_4151,"Price, Mileage",9168242126,OPTY20261,2025-04-15T05:42:16.534310,Tata_Leads,Yes,No,No,Yes,No,FALSE,BU4,Booking Done,2025-05-15T05:42:16.534310,Good,Test Drive,EV,2805190,138,Personal,facebook,dealer,EV,15-04-2025,30-04-2025,,,,
call_transcript_266,Cold,Interested in vehicle,Curvv,404952,1 Month,Agent_8,Customer_2398,"Price, Mileage",9650994737,OPTY20262,2025-06-25T05:42:16.534310,Tata_Leads,Yes,No,No,Yes,No,FALSE,BU1,02 Open Green Form,2025-07-09T05:42:16.534310,Good,Quotation,PV,843061,184,Personal,google,dealer,PV,25-06-2025,,,,,
call_transcript_267,Hot,Interested in vehicle,Safari,446828,1 Month,Agent_1,Customer_7501,"Price, Mileage",9336045559,OPTY20263,2025-08-27T05:42:16.534310,Tata_Leads,Yes,No,Yes,Yes,No,TRUE,BU3,None,2025-09-09T05:42:16.534310,Poor,Follow-up,PV,1570362,193,Personal,facebook,dealer,PV,27-08-2025,,,,,
call_transcript_268,Cold,Interested in vehicle,Tiago EV,338788,6 Months,Agent_9,Customer_1880,"Price, Mileage",9307097566,OPTY20264,2025-04-11T05:42:16.534310,Tata_Leads,Yes,No,Yes,Yes,Yes,FALSE,BU2,Retailed,2025-04-13T05:42:16.534310,Poor,Follow-up,EV,2911847,230,Personal,walkin,dealer,EV,11-04-2025,29-04-2025,,17-05-2025,,17-05-2025
call_transcript_269,Warm,Interested in vehicle,Tiago,521574,Immediate,Agent_8,Customer_7157,"Price, Mileage",9123436268,OPTY20265,2025-10-17T05:42:16.534310,Tata_Leads,Yes,No,No,No,Yes,FALSE,BU1,Retailed,2025-11-11T05:42:16.534310,Poor,Test Drive,PV,2346868,57,Personal,walkin,dealer,PV,17-10-2025,03-11-2025,,18-11-2025,,18-11-2025
call_transcript_270,Cold,Interested in vehicle,Nexon EV,272158,3 Months,Agent_12,Customer_5642,"Price, Mileage",9767504854,OPTY20266,2025-03-21T05:42:16.534310,Tata_Leads,No,No,No,Yes,No,TRUE,BU4,None,2025-04-18T05:42:16.534310,Good,Follow-up,EV,3179310,81,Personal,google,dealer,EV,21-03-2025,,,,,
call_transcript_271,Warm,Interested in vehicle,Altroz,187692,Immediate,Agent_3,Customer_9425,"Price, Mileage",9951113628,OPTY20267,2025-01-31T05:42:16.534310,Tata_Leads,Yes,No,No,Yes,No,FALSE,BU3,None,2025-03-02T05:42:16.534310,Good,Test Drive,PV,2174608,195,Personal,google,dealer,PV,31-01-2025,,,,,
call_transcript_272,Warm,Interested in vehicle,Nexon EV,241401,6 Months,Agent_12,Customer_5641,"Price, Mileage",9393450083,OPTY20268,2024-12-02T05:42:16.534310,Tata_Leads,Yes,Yes,No,Yes,Yes,TRUE,BU4,Booking Done,2024-12-15T05:42:16.534310,Average,Test Drive,EV,1964389,232,Personal,dealer,dealer,EV,02-12-2024,13-12-2024,,,,
call_transcript_273,Cold,Interested in vehicle,Harrier,528226,Immediate,Agent_3,Customer_9830,"Price, Mileage",9919425392,OPTY20269,2025-10-26T05:42:16.534310,Tata_Leads,No,No,Yes,Yes,No,FALSE,BU3,Retailed,2025-11-23T05:42:16.534310,Average,Quotation,PV,1534534,96,Personal,walkin,dealer,PV,26-10-2025,06-11-2025,,11-12-2025,,11-12-2025
call_transcript_274,Cold,Interested in vehicle,Harrier,266766,6 Months,Agent_8,Customer_7290,"Price, Mileage",9642198361,OPTY20270,2025-04-10T05:42:16.534310,Tata_Leads,No,No,No,No,No,FALSE,BU1,Booking Done,2025-04-14T05:42:16.534310,Good,Quotation,PV,3407659,175,Personal,walkin,dealer,PV,10-04-2025,20-04-2025,,,,
call_transcript_275,Hot,Interested in vehicle,Tiago EV,345604,3 Months,Agent_6,Customer_8019,"Price, Mileage",9239610130,OPTY20271,2025-05-26T05:42:16.534310,Tata_Leads,Yes,No,Yes,Yes,Yes,TRUE,BU1,Retailed,2025-06-15T05:42:16.534310,Good,Test Drive,EV,2055611,236,Personal,dealer,dealer,EV,26-05-2025,14-06-2025,,13-07-2025,,13-07-2025
call_transcript_276,Cold,Interested in vehicle,Curvv,202686,Immediate,Agent_2,Customer_6986,"Price, Mileage",9265581222,OPTY20272,2025-01-26T05:42:16.534310,Tata_Leads,No,No,Yes,Yes,No,FALSE,BU4,None,2025-01-29T05:42:16.534310,Average,Follow-up,PV,1604314,175,Personal,facebook,dealer,PV,26-01-2025,,,,,
call_transcript_277,Warm,Interested in vehicle,Tigor,296779,3 Months,Agent_5,Customer_8861,"Price, Mileage",9925247210,OPTY20273,2025-08-15T05:42:16.534310,Tata_Leads,No,Yes,No,Yes,Yes,TRUE,BU4,Retailed,2025-09-14T05:42:16.534310,Average,Test Drive,PV,2640006,65,Personal,google,dealer,PV,15-08-2025,07-09-2025,,14-10-2025,,14-10-2025
call_transcript_278,Warm,Interested in vehicle,Punch,310786,Immediate,Agent_11,Customer_6067,"Price, Mileage",9553912352,OPTY20274,2025-01-07T05:42:16.534310,Tata_Leads,No,No,No,Yes,No,TRUE,BU2,None,2025-01-22T05:42:16.534310,Good,Test Drive,PV,2940805,91,Personal,dealer,dealer,PV,07-01-2025,,,,,
call_transcript_279,Cold,Interested in vehicle,Tiago,161993,Immediate,Agent_11,Customer_9076,"Price, Mileage",9144149547,OPTY20275,2025-02-27T05:42:16.534310,Tata_Leads,Yes,No,No,Yes,Yes,FALSE,BU1,None,2025-03-22T05:42:16.534310,Poor,Test Drive,PV,748305,144,Personal,google,dealer,PV,27-02-2025,,,,,
call_transcript_280,Cold,Interested in vehicle,Nexon EV,456586,Immediate,Agent_7,Customer_7569,"Price, Mileage",9270707266,OPTY20276,2025-07-07T05:42:16.534310,Tata_Leads,No,No,No,No,No,FALSE,BU1,Retailed,2025-07-22T05:42:16.534310,Poor,Quotation,EV,3425697,114,Personal,google,dealer,EV,07-07-2025,30-07-2025,,06-08-2025,,06-08-2025
call_transcript_281,Hot,Interested in vehicle,Tigor EV,276354,3 Months,Agent_9,Customer_8982,"Price, Mileage",9449610199,OPTY20277,2025-05-21T05:42:16.534310,Tata_Leads,No,Yes,Yes,Yes,Yes,TRUE,BU4,02 Open Green Form,2025-06-05T05:42:16.534310,Good,Quotation,EV,2348191,96,Personal,google,dealer,EV,21-05-2025,,,,,
call_transcript_282,Cold,Interested in vehicle,Altroz,265142,1 Month,Agent_11,Customer_5780,"Price, Mileage",9172409700,OPTY20278,2025-05-04T05:42:16.534310,Tata_Leads,No,Yes,No,Yes,No,FALSE,BU4,None,2025-05-31T05:42:16.534310,Average,Follow-up,PV,1041268,159,Personal,dealer,dealer,PV,04-05-2025,,,,,
call_transcript_283,Cold,Interested in vehicle,Tigor EV,134403,6 Months,Agent_4,Customer_4254,"Price, Mileage",9142083992,OPTY20279,2025-10-15T05:42:16.534310,Tata_Leads,No,Yes,Yes,No,Yes,TRUE,BU2,None,2025-10-29T05:42:16.534310,Poor,Quotation,EV,1147307,150,Personal,dealer,dealer,EV,15-10-2025,,,,,
call_transcript_284,Hot,Interested in vehicle,Safari,509479,Immediate,Agent_1,Customer_3470,"Price, Mileage",9804984360,OPTY20280,2025-04-25T05:42:16.534310,Tata_Leads,Yes,Yes,Yes,No,Yes,TRUE,BU1,02 Open Green Form,2025-05-03T05:42:16.534310,Average,Quotation,PV,2108071,153,Personal,facebook,dealer,PV,25-04-2025,,,,,
call_transcript_285,Hot,Interested in vehicle,Curvv,211529,3 Months,Agent_9,Customer_2167,"Price, Mileage",9266974732,OPTY20281,2025-06-15T05:42:16.534310,Tata_Leads,No,No,Yes,Yes,Yes,TRUE,BU1,Retailed,2025-07-04T05:42:16.534310,Poor,Test Drive,PV,2694225,110,Personal,dealer,dealer,PV,15-06-2025,30-06-2025,,20-07-2025,,20-07-2025
call_transcript_286,Hot,Interested in vehicle,Tigor EV,297017,1 Month,Agent_9,Customer_8012,"Price, Mileage",9723596226,OPTY20282,2025-05-14T05:42:16.534310,Tata_Leads,Yes,No,Yes,No,Yes,FALSE,BU1,02 Open Green Form,2025-05-18T05:42:16.534310,Poor,Follow-up,EV,1821933,109,Personal,google,dealer,EV,14-05-2025,,,,,
call_transcript_287,Cold,Interested in vehicle,Nexon EV,476381,Immediate,Agent_4,Customer_6929,"Price, Mileage",9121987621,OPTY20283,2025-04-22T05:42:16.534310,Tata_Leads,No,No,Yes,Yes,Yes,TRUE,BU4,Retailed,2025-05-05T05:42:16.534310,Good,Follow-up,EV,3170092,148,Personal,walkin,dealer,EV,22-04-2025,14-05-2025,,31-05-2025,,31-05-2025
call_transcript_288,Cold,Interested in vehicle,Altroz,239708,3 Months,Agent_6,Customer_8579,"Price, Mileage",9421825368,OPTY20284,2025-12-17T05:42:16.534310,Tata_Leads,Yes,No,No,Yes,No,TRUE,BU3,Booking Done,2025-12-17T05:42:16.534310,Poor,Test Drive,PV,1050452,201,Personal,google,dealer,PV,17-12-2025,28-12-2025,,,,
call_transcript_289,Hot,Interested in vehicle,Harrier,359568,3 Months,Agent_1,Customer_1952,"Price, Mileage",9606850676,OPTY20285,2024-11-23T05:42:16.534310,Tata_Leads,Yes,No,Yes,Yes,Yes,FALSE,BU4,Retailed,2024-12-20T05:42:16.534310,Average,Quotation,PV,1703719,173,Personal,facebook,dealer,PV,23-11-2024,05-12-2024,,14-01-2025,,14-01-2025
call_transcript_290,Hot,Interested in vehicle,Curvv,482031,3 Months,Agent_2,Customer_9739,"Price, Mileage",9738358506,OPTY20286,2025-05-30T05:42:16.534310,Tata_Leads,No,No,Yes,No,Yes,TRUE,BU2,None,2025-06-03T05:42:16.534310,Poor,Quotation,PV,1412024,126,Personal,dealer,dealer,PV,30-05-2025,,,,,
call_transcript_291,Hot,Interested in vehicle,Tigor,342642,Immediate,Agent_12,Customer_6264,"Price, Mileage",9550090573,OPTY20287,2025-10-31T05:42:16.534310,Tata_Leads,Yes,No,Yes,No,Yes,FALSE,BU4,Retailed,2025-11-14T05:42:16.534310,Average,Test Drive,PV,2226366,62,Personal,google,dealer,PV,31-10-2025,28-11-2025,,09-12-2025,,09-12-2025
call_transcript_292,Warm,Interested in vehicle,Tigor EV,440821,1 Month,Agent_3,Customer_9599,"Price, Mileage",9693678128,OPTY20288,2025-08-21T05:42:16.534310,Tata_Leads,No,No,No,No,No,TRUE,BU4,Retailed,2025-09-16T05:42:16.534310,Average,Follow-up,EV,2819567,127,Personal,google,dealer,EV,21-08-2025,12-09-2025,,10-10-2025,,10-10-2025
call_transcript_293,Hot,Interested in vehicle,Tigor EV,284937,Immediate,Agent_1,Customer_3634,"Price, Mileage",9882407586,OPTY20289,2025-07-19T05:42:16.534310,Tata_Leads,No,Yes,No,No,Yes,FALSE,BU4,Booking Done,2025-08-15T05:42:16.534310,Good,Quotation,EV,2193616,47,Personal,walkin,dealer,EV,19-07-2025,11-08-2025,,,,
call_transcript_294,Cold,Interested in vehicle,Nexon EV,431040,3 Months,Agent_9,Customer_3583,"Price, Mileage",9286296572,OPTY20290,2025-08-19T05:42:16.534310,Tata_Leads,Yes,No,Yes,No,No,TRUE,BU2,None,2025-09-16T05:42:16.534310,Good,Follow-up,EV,992243,231,Personal,facebook,dealer,EV,19-08-2025,,,,,
call_transcript_295,Cold,Interested in vehicle,Punch,281630,Immediate,Agent_8,Customer_3407,"Price, Mileage",9199407224,OPTY20291,2025-08-02T05:42:16.534310,Tata_Leads,Yes,No,No,No,Yes,FALSE,BU2,02 Open Green Form,2025-08-25T05:42:16.534310,Average,Test Drive,PV,2511077,153,Personal,walkin,dealer,PV,02-08-2025,,,,,
call_transcript_296,Hot,Interested in vehicle,Tiago EV,223388,3 Months,Agent_7,Customer_2715,"Price, Mileage",9304537807,OPTY20292,2025-12-01T05:42:16.534310,Tata_Leads,No,No,No,No,Yes,FALSE,BU4,Retailed,2025-12-26T05:42:16.534310,Good,Test Drive,EV,2612187,177,Personal,facebook,dealer,EV,01-12-2025,27-12-2025,,13-01-2026,,13-01-2026
call_transcript_297,Warm,Interested in vehicle,Nexon,354840,Immediate,Agent_10,Customer_7537,"Price, Mileage",9505614071,OPTY20293,2025-04-11T05:42:16.534310,Tata_Leads,Yes,Yes,No,No,Yes,TRUE,BU1,Booking Done,2025-05-09T05:42:16.534310,Poor,Test Drive,PV,2690420,153,Personal,google,dealer,PV,11-04-2025,01-05-2025,,,,
call_transcript_298,Hot,Interested in vehicle,Safari,225366,1 Month,Agent_5,Customer_1860,"Price, Mileage",9370575974,OPTY20294,2024-11-26T05:42:16.534310,Tata_Leads,Yes,No,Yes,No,No,TRUE,BU3,Booking Done,2024-12-13T05:42:16.534310,Poor,Test Drive,PV,837082,138,Personal,walkin,dealer,PV,26-11-2024,06-12-2024,,,,
call_transcript_299,Cold,Interested in vehicle,Harrier,184741,1 Month,Agent_7,Customer_5151,"Price, Mileage",9800525107,OPTY20295,2025-07-11T05:42:16.534310,Tata_Leads,No,No,No,No,No,FALSE,BU4,None,2025-07-20T05:42:16.534310,Good,Quotation,PV,3310590,289,Personal,facebook,dealer,PV,11-07-2025,,,,,
call_transcript_300,Hot,Interested in vehicle,Tigor EV,274594,1 Month,Agent_11,Customer_4501,"Price, Mileage",9892833887,OPTY20296,2025-08-29T05:42:16.534310,Tata_Leads,No,Yes,No,No,Yes,FALSE,BU3,Retailed,2025-09-20T05:42:16.534310,Poor,Test Drive,EV,2467519,34,Personal,facebook,dealer,EV,29-08-2025,07-09-2025,,29-09-2025,,29-09-2025
call_transcript_301,Cold,Interested in vehicle,Tigor EV,200003,3 Months,Agent_10,Customer_7991,"Price, Mileage",9601502245,OPTY20297,2025-02-12T05:42:16.534310,Tata_Leads,No,Yes,No,Yes,Yes,TRUE,BU3,02 Open Green Form,2025-02-21T05:42:16.534310,Average,Test Drive,EV,2001400,150,Personal,dealer,dealer,EV,12-02-2025,,,,,
call_transcript_302,Warm,Interested in vehicle,Tiago,186060,1 Month,Agent_7,Customer_1143,"Price, Mileage",9168681950,OPTY20298,2025-07-15T05:42:16.534310,Tata_Leads,No,Yes,Yes,Yes,Yes,FALSE,BU4,None,2025-07-25T05:42:16.534310,Poor,Follow-up,PV,1737256,283,Personal,dealer,dealer,PV,15-07-2025,,,,,
call_transcript_303,Cold,Interested in vehicle,Nexon,540845,3 Months,Agent_12,Customer_7491,"Price, Mileage",9463573232,OPTY20299,2025-06-19T05:42:16.534310,Tata_Leads,No,No,Yes,Yes,No,FALSE,BU3,Booking Done,2025-07-10T05:42:16.534310,Good,Follow-up,PV,2873668,76,Personal,facebook,dealer,PV,19-06-2025,06-07-2025,,,,
